{"stats":{"minecraft:picked_up":{"minecraft:crafting_table":13,"minecraft:wheat":62,"minecraft:cooked_beef":39,"minecraft:warped_fungus_on_a_stick":9,"minecraft:andesite":15,"minecraft:salmon":12,"minecraft:structure_block":5,"minecraft:leather":3,"minecraft:wooden_pickaxe":13,"minecraft:potato":15,"minecraft:brown_bed":13,"minecraft:chain":99,"minecraft:brewing_stand":5,"minecraft:wooden_hoe":5,"minecraft:dirt":15,"minecraft:string":1,"minecraft:iron_axe":6,"minecraft:name_tag":15,"minecraft:leather_boots":2,"minecraft:iron_leggings":6,"minecraft:item_frame":22,"minecraft:armor_stand":1,"minecraft:bone":139,"minecraft:experience_bottle":51,"minecraft:apple":45,"minecraft:stone_bricks":1,"minecraft:bow":2,"minecraft:wheat_seeds":60,"minecraft:diamond_leggings":1,"minecraft:spruce_planks":89,"minecraft:beef":15,"minecraft:iron_ingot":19,"minecraft:stone_pickaxe":9,"minecraft:written_book":18,"minecraft:player_head":21,"minecraft:iron_nugget":40,"minecraft:sugar_cane":3,"minecraft:oak_planks":57,"minecraft:pitcher_pod":6,"minecraft:iron_sword":10,"minecraft:egg":1,"minecraft:stick":3,"minecraft:raw_iron":48,"minecraft:torchflower_seeds":4,"minecraft:porkchop":45,"minecraft:stripped_spruce_log":6,"minecraft:cookie":6,"minecraft:carrot":50,"minecraft:leather_helmet":2,"minecraft:arrow":27,"minecraft:stone_sword":1,"minecraft:honey_bottle":12,"minecraft:rotten_flesh":60,"minecraft:stone_axe":6,"minecraft:hay_block":80,"minecraft:bone_meal":2,"minecraft:golden_apple":5,"minecraft:emerald":19,"minecraft:bread":18,"minecraft:mutton":75,"minecraft:iron_bars":5,"minecraft:coal":68,"minecraft:white_wool":62,"minecraft:cobblestone":92},"minecraft:killed_by":{"minecraft:vindicator":1,"minecraft:skeleton":4,"minecraft:zombie":5},"minecraft:mined":{"minecraft:crafting_table":1,"minecraft:grass_block":1,"minecraft:cobblestone":1,"minecraft:tall_grass":1,"minecraft:spruce_leaves":1,"minecraft:sugar_cane":1,"minecraft:oak_planks":2,"minecraft:hay_block":3,"minecraft:iron_ore":12,"minecraft:sweet_berry_bush":3,"minecraft:andesite":5,"minecraft:stripped_spruce_log":6,"minecraft:brown_bed":4,"minecraft:grass":1,"minecraft:coal_ore":2,"minecraft:dirt":5,"minecraft:cobweb":1,"minecraft:stone_bricks":1,"minecraft:stone":19,"minecraft:fern":1},"minecraft:crafted":{"minecraft:crafting_table":1,"minecraft:spruce_planks":24,"minecraft:wooden_pickaxe":1,"minecraft:stone_axe":1,"minecraft:stick":8,"minecraft:stone_pickaxe":1,"minecraft:stone_sword":1},"minecraft:killed":{"minecraft:salmon":3,"minecraft:skeleton":4,"minecraft:sheep":3,"minecraft:pillager":1,"minecraft:zombie":19,"minecraft:drowned":1},"minecraft:custom":{"minecraft:mob_kills":31,"minecraft:interact_with_crafting_table":7,"minecraft:open_barrel":19,"minecraft:time_since_death":8754,"minecraft:sleep_in_bed":2,"minecraft:climb_one_cm":4716,"minecraft:time_since_rest":6206,"minecraft:sprint_one_cm":108323,"minecraft:damage_taken":3453,"minecraft:walk_one_cm":120016,"minecraft:drop":40,"minecraft:damage_dealt":3354,"minecraft:player_kills":1,"minecraft:swim_one_cm":21951,"minecraft:talked_to_villager":2,"minecraft:fly_one_cm":285829,"minecraft:open_chest":25,"minecraft:crouch_one_cm":1280,"minecraft:play_time":46907,"minecraft:deaths":11,"minecraft:sneak_time":2039,"minecraft:walk_under_water_one_cm":6016,"minecraft:jump":1215,"minecraft:walk_on_water_one_cm":6171,"minecraft:total_world_time":46907,"minecraft:fall_one_cm":46725},"minecraft:used":{"minecraft:stone_sword":22,"minecraft:stone_pickaxe":25,"minecraft:oak_planks":6,"minecraft:wooden_pickaxe":21,"minecraft:iron_sword":99,"minecraft:player_head":1,"minecraft:dirt":3,"minecraft:crafting_table":3,"minecraft:wooden_hoe":5,"minecraft:iron_axe":40,"minecraft:bread":6,"minecraft:stone_axe":12,"minecraft:bow":10,"minecraft:cooked_beef":5,"minecraft:brown_bed":1},"minecraft:dropped":{"minecraft:bread":5,"minecraft:stone_axe":1,"minecraft:wheat_seeds":12,"minecraft:spyglass":1,"minecraft:player_head":16,"minecraft:rotten_flesh":14,"minecraft:leather":1,"minecraft:item_frame":8,"minecraft:wooden_hoe":1,"minecraft:spruce_planks":7,"minecraft:andesite":5,"minecraft:stone_bricks":1,"minecraft:chain":11,"minecraft:iron_leggings":3,"minecraft:brown_bed":1,"minecraft:bone_meal":1,"minecraft:iron_bars":2,"minecraft:arrow":7,"minecraft:wooden_pickaxe":1,"minecraft:stone_pickaxe":1,"minecraft:egg":1}},"DataVersion":3578}