{"stats":{"minecraft:picked_up":{"minecraft:charcoal":7,"minecraft:crafting_table":16,"minecraft:wheat":62,"minecraft:anvil":1,"minecraft:structure_block":7,"minecraft:wooden_pickaxe":13,"minecraft:brown_bed":15,"minecraft:chain":99,"minecraft:brewing_stand":5,"minecraft:shield":1,"minecraft:string":10,"minecraft:iron_axe":6,"minecraft:iron_leggings":6,"minecraft:armor_stand":1,"minecraft:item_frame":22,"minecraft:experience_bottle":51,"minecraft:cracked_stone_bricks":7,"minecraft:diamond_leggings":1,"minecraft:candle":13,"minecraft:cobbled_deepslate":397,"minecraft:spruce_planks":90,"minecraft:beef":18,"minecraft:written_book":19,"minecraft:player_head":22,"minecraft:iron_nugget":40,"minecraft:spruce_slab":2,"minecraft:coal_block":1,"minecraft:sugar_cane":3,"minecraft:furnace":4,"minecraft:egg":1,"minecraft:raw_iron":60,"minecraft:stick":16,"minecraft:porkchop":45,"minecraft:cookie":6,"minecraft:carrot":50,"minecraft:stone_sword":1,"minecraft:arrow":33,"minecraft:honey_bottle":12,"minecraft:rotten_flesh":62,"minecraft:hay_block":80,"minecraft:mutton":86,"minecraft:cobblestone":99,"minecraft:iron_bars":6,"minecraft:white_wool":62,"minecraft:wet_sponge":4,"minecraft:sponge":1,"minecraft:cooked_beef":45,"minecraft:warped_fungus_on_a_stick":9,"minecraft:salmon":12,"minecraft:andesite":20,"minecraft:leather":3,"minecraft:potato":16,"minecraft:ochre_froglight":7,"minecraft:tuff":109,"minecraft:lapis_lazuli":37,"minecraft:wooden_hoe":5,"minecraft:dirt":17,"minecraft:polished_granite":9,"minecraft:name_tag":15,"minecraft:leather_boots":2,"minecraft:bone":141,"minecraft:apple":45,"minecraft:stone_bricks":15,"minecraft:bow":2,"minecraft:wheat_seeds":63,"minecraft:spruce_wood":2,"minecraft:stone_pickaxe":9,"minecraft:iron_ingot":20,"minecraft:mossy_stone_bricks":4,"minecraft:moss_block":3,"minecraft:iron_sword":10,"minecraft:pitcher_pod":6,"minecraft:oak_planks":57,"minecraft:sweet_berries":83,"minecraft:stone_brick_slab":2,"minecraft:dandelion":1,"minecraft:gravel":6,"minecraft:torchflower_seeds":4,"minecraft:stripped_spruce_log":6,"minecraft:spruce_sapling":2,"minecraft:blast_furnace":2,"minecraft:spruce_log":26,"minecraft:leather_helmet":2,"minecraft:mossy_cobblestone":9,"minecraft:polished_andesite":7,"minecraft:diamond":14,"minecraft:stone_axe":6,"minecraft:iron_helmet":1,"minecraft:bone_meal":2,"minecraft:golden_apple":5,"minecraft:bread":18,"minecraft:emerald":20,"minecraft:coal":70,"minecraft:diamond_pickaxe":1},"minecraft:killed_by":{"minecraft:vindicator":1,"minecraft:skeleton":4,"minecraft:zombie":5},"minecraft:mined":{"minecraft:diamond_ore":1,"minecraft:tuff":64,"minecraft:spruce_planks":3,"minecraft:mossy_cobblestone":11,"minecraft:deepslate_diamond_ore":13,"minecraft:candle":1,"minecraft:grass_block":5,"minecraft:coal_block":1,"minecraft:spruce_leaves":14,"minecraft:moss_block":5,"minecraft:large_fern":6,"minecraft:hay_block":3,"minecraft:furnace":4,"minecraft:iron_ore":23,"minecraft:andesite":10,"minecraft:stripped_spruce_log":6,"minecraft:anvil":1,"minecraft:deepslate_lapis_ore":3,"minecraft:brown_bed":6,"minecraft:deepslate_iron_ore":2,"minecraft:iron_bars":1,"minecraft:wet_sponge":4,"minecraft:spruce_wood":2,"minecraft:stone":33,"minecraft:spruce_slab":3,"minecraft:stone_brick_slab":1,"minecraft:dandelion":1,"minecraft:polished_granite":12,"minecraft:crafting_table":4,"minecraft:blast_furnace":2,"minecraft:sponge":1,"minecraft:campfire":1,"minecraft:tall_grass":2,"minecraft:cobblestone":2,"minecraft:lapis_ore":2,"minecraft:oak_planks":4,"minecraft:sugar_cane":1,"minecraft:sweet_berry_bush":48,"minecraft:spruce_log":26,"minecraft:yellow_stained_glass_pane":2,"minecraft:grass":16,"minecraft:coal_ore":3,"minecraft:ochre_froglight":8,"minecraft:gravel":5,"minecraft:dirt":5,"minecraft:cobweb":10,"minecraft:cracked_stone_bricks":5,"minecraft:polished_andesite":6,"minecraft:stone_bricks":17,"minecraft:mossy_stone_bricks":5,"minecraft:suspicious_gravel":2,"minecraft:deepslate":398,"minecraft:fern":18},"minecraft:crafted":{"minecraft:stone_pickaxe":1,"minecraft:chest":2,"minecraft:wheat":144,"minecraft:smoker":1,"minecraft:crafting_table":2,"minecraft:spruce_planks":100,"minecraft:wooden_pickaxe":1,"minecraft:stone_axe":1,"minecraft:bread":48,"minecraft:air":0,"minecraft:iron_chestplate":1,"minecraft:diamond_pickaxe":2,"minecraft:shield":2,"minecraft:stick":32,"minecraft:iron_pickaxe":1,"minecraft:iron_ingot":12,"minecraft:stone_sword":1,"minecraft:torch":48,"minecraft:sponge":4},"minecraft:killed":{"minecraft:spider":1,"minecraft:skeleton":9,"minecraft:drowned":2,"minecraft:salmon":3,"minecraft:creeper":1,"minecraft:sheep":3,"minecraft:pillager":1,"minecraft:zombie":26},"minecraft:custom":{"minecraft:mob_kills":47,"minecraft:interact_with_crafting_table":20,"minecraft:open_barrel":59,"minecraft:time_since_death":80754,"minecraft:climb_one_cm":4716,"minecraft:sprint_one_cm":293745,"minecraft:walk_one_cm":258219,"minecraft:damage_blocked_by_shield":570,"minecraft:drop":68,"minecraft:talked_to_villager":3,"minecraft:play_time":118907,"minecraft:deaths":11,"minecraft:sneak_time":3906,"minecraft:walk_under_water_one_cm":15843,"minecraft:jump":3025,"minecraft:interact_with_blast_furnace":7,"minecraft:walk_on_water_one_cm":39610,"minecraft:total_world_time":118907,"minecraft:interact_with_furnace":20,"minecraft:sleep_in_bed":4,"minecraft:time_since_rest":11483,"minecraft:damage_taken":4580,"minecraft:damage_dealt":7000,"minecraft:swim_one_cm":66630,"minecraft:fly_one_cm":654135,"minecraft:player_kills":1,"minecraft:open_chest":72,"minecraft:crouch_one_cm":2873,"minecraft:interact_with_smoker":2,"minecraft:fall_one_cm":104067},"minecraft:used":{"minecraft:stone_sword":22,"minecraft:chest":2,"minecraft:shield":10,"minecraft:iron_sword":193,"minecraft:player_head":1,"minecraft:torch":48,"minecraft:dirt":3,"minecraft:iron_axe":105,"minecraft:bow":10,"minecraft:written_book":2,"minecraft:sweet_berries":9,"minecraft:furnace":5,"minecraft:cooked_beef":13,"minecraft:brown_bed":3,"minecraft:water_bucket":8,"minecraft:stone_pickaxe":71,"minecraft:oak_planks":6,"minecraft:wooden_pickaxe":21,"minecraft:mossy_cobblestone":1,"minecraft:crafting_table":7,"minecraft:blast_furnace":2,"minecraft:sponge":4,"minecraft:ochre_froglight":7,"minecraft:smoker":1,"minecraft:spruce_log":1,"minecraft:wooden_hoe":5,"minecraft:diamond_pickaxe":510,"minecraft:bread":21,"minecraft:iron_pickaxe":57,"minecraft:stone_axe":12,"minecraft:potion":1,"minecraft:cobblestone":2,"minecraft:bucket":8,"minecraft:experience_bottle":53},"minecraft:dropped":{"minecraft:bread":5,"minecraft:iron_sword":1,"minecraft:wheat_seeds":14,"minecraft:glass_bottle":1,"minecraft:leather":1,"minecraft:cracked_stone_bricks":7,"minecraft:polished_andesite":7,"minecraft:item_frame":8,"minecraft:stick":10,"minecraft:dirt":2,"minecraft:wooden_hoe":1,"minecraft:cooked_cod":12,"minecraft:iron_leggings":3,"minecraft:chain":11,"minecraft:bone_meal":1,"minecraft:stone_brick_slab":1,"minecraft:bone":25,"minecraft:spruce_sapling":2,"minecraft:gravel":5,"minecraft:stone_axe":1,"minecraft:spyglass":1,"minecraft:player_head":16,"minecraft:cobbled_deepslate":5,"minecraft:raw_iron":2,"minecraft:rotten_flesh":14,"minecraft:carrot":10,"minecraft:potato":2,"minecraft:shield":2,"minecraft:spruce_planks":7,"minecraft:diamond_pickaxe":2,"minecraft:andesite":10,"minecraft:mossy_stone_bricks":4,"minecraft:brown_bed":1,"minecraft:stone_bricks":15,"minecraft:iron_bars":2,"minecraft:arrow":7,"minecraft:stone_pickaxe":2,"minecraft:wooden_pickaxe":1,"minecraft:polished_granite":9,"minecraft:egg":1}},"DataVersion":3578}