{"stats":{"minecraft:picked_up":{"minecraft:crafting_table":4,"minecraft:wheat":62,"minecraft:cooked_beef":8,"minecraft:warped_fungus_on_a_stick":4,"minecraft:andesite":14,"minecraft:salmon":12,"minecraft:wooden_pickaxe":4,"minecraft:potato":10,"minecraft:brown_bed":7,"minecraft:wooden_hoe":5,"minecraft:dirt":15,"minecraft:string":1,"minecraft:iron_axe":3,"minecraft:iron_leggings":2,"minecraft:armor_stand":1,"minecraft:bone":16,"minecraft:experience_bottle":21,"minecraft:bow":2,"minecraft:diamond_leggings":1,"minecraft:spruce_planks":54,"minecraft:iron_ingot":14,"minecraft:stone_pickaxe":3,"minecraft:written_book":8,"minecraft:player_head":1,"minecraft:iron_nugget":40,"minecraft:pitcher_pod":6,"minecraft:iron_sword":2,"minecraft:stick":3,"minecraft:raw_iron":48,"minecraft:torchflower_seeds":4,"minecraft:stripped_spruce_log":6,"minecraft:cookie":6,"minecraft:leather_helmet":2,"minecraft:arrow":13,"minecraft:stone_sword":1,"minecraft:honey_bottle":12,"minecraft:rotten_flesh":14,"minecraft:stone_axe":3,"minecraft:emerald":18,"minecraft:bread":18,"minecraft:mutton":20,"minecraft:coal":8,"minecraft:white_wool":12,"minecraft:cobblestone":59},"minecraft:killed_by":{"minecraft:skeleton":2,"minecraft:zombie":3},"minecraft:mined":{"minecraft:crafting_table":1,"minecraft:grass_block":1,"minecraft:tall_grass":1,"minecraft:spruce_leaves":1,"minecraft:hay_block":3,"minecraft:iron_ore":12,"minecraft:andesite":4,"minecraft:stripped_spruce_log":6,"minecraft:brown_bed":3,"minecraft:grass":1,"minecraft:coal_ore":2,"minecraft:dirt":5,"minecraft:cobweb":1,"minecraft:stone":19},"minecraft:crafted":{"minecraft:crafting_table":1,"minecraft:spruce_planks":24,"minecraft:wooden_pickaxe":1,"minecraft:stone_axe":1,"minecraft:stick":8,"minecraft:stone_pickaxe":1,"minecraft:stone_sword":1},"minecraft:killed":{"minecraft:salmon":3,"minecraft:sheep":3,"minecraft:zombie":15,"minecraft:drowned":1},"minecraft:custom":{"minecraft:mob_kills":22,"minecraft:interact_with_crafting_table":4,"minecraft:open_barrel":16,"minecraft:time_since_death":5431,"minecraft:sleep_in_bed":1,"minecraft:climb_one_cm":2741,"minecraft:time_since_rest":5731,"minecraft:sprint_one_cm":52630,"minecraft:damage_taken":1890,"minecraft:walk_one_cm":68669,"minecraft:drop":9,"minecraft:damage_dealt":2317,"minecraft:swim_one_cm":10821,"minecraft:fly_one_cm":132508,"minecraft:open_chest":14,"minecraft:crouch_one_cm":1280,"minecraft:play_time":28907,"minecraft:deaths":6,"minecraft:sneak_time":2011,"minecraft:walk_under_water_one_cm":4841,"minecraft:jump":678,"minecraft:walk_on_water_one_cm":3757,"minecraft:total_world_time":28907,"minecraft:fall_one_cm":30311},"minecraft:used":{"minecraft:stone_sword":22,"minecraft:stone_pickaxe":22,"minecraft:wooden_pickaxe":21,"minecraft:iron_sword":62,"minecraft:player_head":1,"minecraft:dirt":3,"minecraft:crafting_table":1,"minecraft:wooden_hoe":5,"minecraft:iron_axe":34,"minecraft:bread":6,"minecraft:stone_axe":10,"minecraft:bow":10},"minecraft:dropped":{"minecraft:bread":5,"minecraft:spyglass":1,"minecraft:rotten_flesh":5,"minecraft:wooden_hoe":1,"minecraft:andesite":4,"minecraft:iron_leggings":3,"minecraft:brown_bed":1}},"DataVersion":3578}