{"stats":{"minecraft:picked_up":{"minecraft:stripped_spruce_log":6,"minecraft:wooden_hoe":1,"minecraft:cobblestone":2},"minecraft:mined":{"minecraft:grass":1,"minecraft:spruce_leaves":1,"minecraft:stone":5,"minecraft:stripped_spruce_log":6},"minecraft:crafted":{"minecraft:crafting_table":1,"minecraft:spruce_planks":24,"minecraft:stick":4,"minecraft:wooden_pickaxe":1},"minecraft:used":{"minecraft:crafting_table":1,"minecraft:wooden_pickaxe":5},"minecraft:custom":{"minecraft:open_barrel":1,"minecraft:time_since_rest":4907,"minecraft:play_time":4907,"minecraft:sprint_one_cm":5500,"minecraft:damage_taken":120,"minecraft:walk_one_cm":5401,"minecraft:sneak_time":1,"minecraft:drop":1,"minecraft:jump":124,"minecraft:damage_dealt":10,"minecraft:time_since_death":4907,"minecraft:total_world_time":4907,"minecraft:interact_with_crafting_table":3,"minecraft:fall_one_cm":3820,"minecraft:fly_one_cm":33620},"minecraft:dropped":{"minecraft:wooden_hoe":1}},"DataVersion":3578}