{"stats":{"minecraft:picked_up":{"minecraft:raw_iron":24,"minecraft:stick":3,"minecraft:crafting_table":2,"minecraft:warped_fungus_on_a_stick":2,"minecraft:salmon":6,"minecraft:andesite":14,"minecraft:wooden_pickaxe":2,"minecraft:brown_bed":3,"minecraft:stripped_spruce_log":6,"minecraft:string":1,"minecraft:wooden_hoe":3,"minecraft:dirt":11,"minecraft:iron_axe":1,"minecraft:armor_stand":1,"minecraft:experience_bottle":7,"minecraft:stone_sword":1,"minecraft:honey_bottle":6,"minecraft:rotten_flesh":2,"minecraft:stone_axe":1,"minecraft:spruce_planks":28,"minecraft:stone_pickaxe":1,"minecraft:written_book":4,"minecraft:player_head":1,"minecraft:bread":5,"minecraft:mutton":10,"minecraft:coal":4,"minecraft:white_wool":6,"minecraft:cobblestone":40},"minecraft:killed_by":{"minecraft:skeleton":1,"minecraft:zombie":1},"minecraft:mined":{"minecraft:iron_ore":12,"minecraft:andesite":4,"minecraft:stripped_spruce_log":6,"minecraft:brown_bed":3,"minecraft:crafting_table":1,"minecraft:grass":1,"minecraft:grass_block":1,"minecraft:coal_ore":2,"minecraft:dirt":5,"minecraft:cobweb":1,"minecraft:tall_grass":1,"minecraft:spruce_leaves":1,"minecraft:stone":18},"minecraft:crafted":{"minecraft:crafting_table":1,"minecraft:spruce_planks":24,"minecraft:stick":8,"minecraft:wooden_pickaxe":1,"minecraft:stone_pickaxe":1,"minecraft:stone_sword":1,"minecraft:stone_axe":1},"minecraft:killed":{"minecraft:sheep":3,"minecraft:salmon":3,"minecraft:drowned":1},"minecraft:used":{"minecraft:wooden_hoe":5,"minecraft:stone_sword":22,"minecraft:stone_pickaxe":21,"minecraft:wooden_pickaxe":21,"minecraft:player_head":1,"minecraft:stone_axe":10,"minecraft:crafting_table":1},"minecraft:custom":{"minecraft:time_since_rest":4368,"minecraft:sprint_one_cm":28304,"minecraft:damage_taken":560,"minecraft:walk_one_cm":43053,"minecraft:mob_kills":7,"minecraft:drop":6,"minecraft:damage_dealt":701,"minecraft:open_chest":11,"minecraft:swim_one_cm":10821,"minecraft:interact_with_crafting_table":4,"minecraft:fly_one_cm":84090,"minecraft:open_barrel":8,"minecraft:crouch_one_cm":93,"minecraft:play_time":16907,"minecraft:deaths":2,"minecraft:sneak_time":115,"minecraft:walk_under_water_one_cm":4841,"minecraft:jump":388,"minecraft:walk_on_water_one_cm":2652,"minecraft:time_since_death":6681,"minecraft:sleep_in_bed":1,"minecraft:climb_one_cm":722,"minecraft:total_world_time":16907,"minecraft:fall_one_cm":14950},"minecraft:dropped":{"minecraft:bread":5,"minecraft:spyglass":1,"minecraft:wooden_hoe":1,"minecraft:iron_leggings":2,"minecraft:andesite":4}},"DataVersion":3578}