{"stats":{"minecraft:picked_up":{"minecraft:charcoal":5,"minecraft:crafting_table":16,"minecraft:wheat":62,"minecraft:structure_block":5,"minecraft:wooden_pickaxe":13,"minecraft:brown_bed":13,"minecraft:chain":99,"minecraft:brewing_stand":5,"minecraft:string":1,"minecraft:iron_axe":6,"minecraft:iron_leggings":6,"minecraft:armor_stand":1,"minecraft:item_frame":22,"minecraft:experience_bottle":51,"minecraft:diamond_leggings":1,"minecraft:spruce_planks":89,"minecraft:beef":15,"minecraft:written_book":18,"minecraft:player_head":21,"minecraft:iron_nugget":40,"minecraft:sugar_cane":3,"minecraft:egg":1,"minecraft:raw_iron":60,"minecraft:stick":16,"minecraft:porkchop":45,"minecraft:cookie":6,"minecraft:carrot":50,"minecraft:stone_sword":1,"minecraft:arrow":27,"minecraft:honey_bottle":12,"minecraft:rotten_flesh":62,"minecraft:hay_block":80,"minecraft:mutton":75,"minecraft:cobblestone":99,"minecraft:iron_bars":5,"minecraft:white_wool":62,"minecraft:sponge":1,"minecraft:cooked_beef":39,"minecraft:warped_fungus_on_a_stick":9,"minecraft:salmon":12,"minecraft:andesite":15,"minecraft:leather":3,"minecraft:potato":15,"minecraft:ochre_froglight":7,"minecraft:lapis_lazuli":21,"minecraft:wooden_hoe":5,"minecraft:dirt":15,"minecraft:name_tag":15,"minecraft:leather_boots":2,"minecraft:bone":139,"minecraft:apple":45,"minecraft:stone_bricks":1,"minecraft:bow":2,"minecraft:wheat_seeds":61,"minecraft:stone_pickaxe":9,"minecraft:iron_ingot":19,"minecraft:iron_sword":10,"minecraft:pitcher_pod":6,"minecraft:oak_planks":57,"minecraft:sweet_berries":32,"minecraft:stone_brick_slab":1,"minecraft:torchflower_seeds":4,"minecraft:stripped_spruce_log":6,"minecraft:spruce_sapling":2,"minecraft:blast_furnace":2,"minecraft:spruce_log":24,"minecraft:leather_helmet":2,"minecraft:mossy_cobblestone":2,"minecraft:diamond":1,"minecraft:stone_axe":6,"minecraft:bone_meal":2,"minecraft:golden_apple":5,"minecraft:bread":18,"minecraft:emerald":19,"minecraft:coal":69},"minecraft:killed_by":{"minecraft:vindicator":1,"minecraft:skeleton":4,"minecraft:zombie":5},"minecraft:mined":{"minecraft:mossy_cobblestone":2,"minecraft:deepslate_diamond_ore":1,"minecraft:grass_block":2,"minecraft:spruce_leaves":8,"minecraft:large_fern":1,"minecraft:hay_block":3,"minecraft:iron_ore":23,"minecraft:andesite":5,"minecraft:stripped_spruce_log":6,"minecraft:deepslate_lapis_ore":1,"minecraft:brown_bed":4,"minecraft:deepslate_iron_ore":2,"minecraft:stone":29,"minecraft:stone_brick_slab":1,"minecraft:crafting_table":4,"minecraft:blast_furnace":2,"minecraft:sponge":1,"minecraft:tall_grass":2,"minecraft:cobblestone":1,"minecraft:lapis_ore":2,"minecraft:oak_planks":2,"minecraft:sugar_cane":1,"minecraft:sweet_berry_bush":21,"minecraft:spruce_log":24,"minecraft:yellow_stained_glass_pane":2,"minecraft:grass":6,"minecraft:coal_ore":3,"minecraft:ochre_froglight":8,"minecraft:dirt":5,"minecraft:cobweb":1,"minecraft:stone_bricks":1,"minecraft:deepslate":11,"minecraft:fern":7},"minecraft:crafted":{"minecraft:stone_pickaxe":1,"minecraft:wheat":144,"minecraft:smoker":1,"minecraft:crafting_table":2,"minecraft:spruce_planks":36,"minecraft:wooden_pickaxe":1,"minecraft:stone_axe":1,"minecraft:bread":48,"minecraft:air":0,"minecraft:iron_chestplate":1,"minecraft:shield":1,"minecraft:stick":28,"minecraft:iron_pickaxe":1,"minecraft:iron_ingot":12,"minecraft:stone_sword":1,"minecraft:torch":48},"minecraft:killed":{"minecraft:skeleton":5,"minecraft:drowned":1,"minecraft:salmon":3,"minecraft:sheep":3,"minecraft:pillager":1,"minecraft:zombie":26},"minecraft:custom":{"minecraft:mob_kills":40,"minecraft:interact_with_crafting_table":16,"minecraft:open_barrel":35,"minecraft:time_since_death":32754,"minecraft:climb_one_cm":4716,"minecraft:sprint_one_cm":167756,"minecraft:walk_one_cm":158613,"minecraft:damage_blocked_by_shield":240,"minecraft:drop":45,"minecraft:talked_to_villager":3,"minecraft:play_time":70907,"minecraft:deaths":11,"minecraft:sneak_time":3396,"minecraft:walk_under_water_one_cm":8475,"minecraft:jump":1997,"minecraft:interact_with_blast_furnace":5,"minecraft:walk_on_water_one_cm":11481,"minecraft:total_world_time":70907,"minecraft:sleep_in_bed":2,"minecraft:time_since_rest":30206,"minecraft:damage_taken":3865,"minecraft:damage_dealt":5295,"minecraft:swim_one_cm":27418,"minecraft:fly_one_cm":452755,"minecraft:player_kills":1,"minecraft:open_chest":28,"minecraft:crouch_one_cm":2449,"minecraft:fall_one_cm":75394},"minecraft:used":{"minecraft:stone_sword":22,"minecraft:shield":4,"minecraft:iron_sword":143,"minecraft:player_head":1,"minecraft:torch":25,"minecraft:dirt":3,"minecraft:iron_axe":76,"minecraft:bow":10,"minecraft:written_book":2,"minecraft:sweet_berries":9,"minecraft:cooked_beef":7,"minecraft:brown_bed":1,"minecraft:water_bucket":1,"minecraft:stone_pickaxe":71,"minecraft:oak_planks":6,"minecraft:wooden_pickaxe":21,"minecraft:mossy_cobblestone":1,"minecraft:crafting_table":6,"minecraft:blast_furnace":1,"minecraft:ochre_froglight":7,"minecraft:wooden_hoe":5,"minecraft:bread":11,"minecraft:iron_pickaxe":22,"minecraft:stone_axe":12,"minecraft:cobblestone":2,"minecraft:bucket":1},"minecraft:dropped":{"minecraft:bread":5,"minecraft:wheat_seeds":12,"minecraft:leather":1,"minecraft:item_frame":8,"minecraft:stick":10,"minecraft:wooden_hoe":1,"minecraft:iron_leggings":3,"minecraft:chain":11,"minecraft:bone_meal":1,"minecraft:spruce_sapling":2,"minecraft:stone_axe":1,"minecraft:spyglass":1,"minecraft:player_head":16,"minecraft:rotten_flesh":14,"minecraft:spruce_planks":7,"minecraft:andesite":5,"minecraft:brown_bed":1,"minecraft:stone_bricks":1,"minecraft:iron_bars":2,"minecraft:arrow":7,"minecraft:stone_pickaxe":2,"minecraft:wooden_pickaxe":1,"minecraft:egg":1}},"DataVersion":3578}