{"stats":{"minecraft:picked_up":{"minecraft:iron_chestplate":3,"minecraft:charcoal":7,"minecraft:crafting_table":16,"minecraft:wheat":62,"minecraft:anvil":1,"minecraft:leather_leggings":2,"minecraft:structure_block":18,"minecraft:wooden_pickaxe":15,"minecraft:brown_bed":18,"minecraft:wither_rose":24,"minecraft:gold_block":4,"minecraft:potion":6,"minecraft:chain":99,"minecraft:brewing_stand":5,"minecraft:shield":4,"minecraft:string":87,"minecraft:iron_axe":10,"minecraft:iron_leggings":9,"minecraft:item_frame":22,"minecraft:armor_stand":1,"minecraft:experience_bottle":328,"minecraft:cracked_stone_bricks":7,"minecraft:diamond_leggings":1,"minecraft:cobbled_deepslate":1398,"minecraft:candle":13,"minecraft:spruce_planks":90,"minecraft:beef":18,"minecraft:written_book":19,"minecraft:player_head":38,"minecraft:iron_nugget":40,"minecraft:iron_pickaxe":1,"minecraft:spruce_slab":2,"minecraft:coal_block":13,"minecraft:sugar_cane":3,"minecraft:furnace":4,"minecraft:iron_boots":3,"minecraft:egg":2,"minecraft:tipped_arrow":6,"minecraft:stick":25,"minecraft:raw_iron":113,"minecraft:torch":7,"minecraft:porkchop":45,"minecraft:cookie":6,"minecraft:pointed_dripstone":2,"minecraft:netherite_pickaxe":1,"minecraft:carrot":50,"minecraft:redstone":5,"minecraft:iron_horse_armor":3,"minecraft:cactus":1,"minecraft:stone_sword":1,"minecraft:arrow":40,"minecraft:honey_bottle":27,"minecraft:rotten_flesh":68,"minecraft:hay_block":80,"minecraft:gold_ingot":8,"minecraft:mutton":86,"minecraft:iron_bars":6,"minecraft:white_wool":62,"minecraft:cobblestone":108,"minecraft:wet_sponge":4,"minecraft:sponge":1,"minecraft:leather_chestplate":2,"minecraft:cooked_beef":45,"minecraft:warped_fungus_on_a_stick":9,"minecraft:salmon":12,"minecraft:andesite":20,"minecraft:leather":3,"minecraft:potato":16,"minecraft:ochre_froglight":7,"minecraft:flint":1,"minecraft:tuff":183,"minecraft:gunpowder":6,"minecraft:lapis_lazuli":37,"minecraft:wooden_hoe":5,"minecraft:dirt":23,"minecraft:polished_granite":9,"minecraft:name_tag":15,"minecraft:leather_boots":5,"minecraft:bone":209,"minecraft:apple":45,"minecraft:stone_bricks":15,"minecraft:bow":2,"minecraft:wheat_seeds":64,"minecraft:raw_gold":57,"minecraft:cobweb":3,"minecraft:spruce_wood":2,"minecraft:iron_ingot":20,"minecraft:stone_pickaxe":9,"minecraft:glass_bottle":5,"minecraft:mossy_stone_bricks":4,"minecraft:moss_block":3,"minecraft:pitcher_pod":6,"minecraft:iron_sword":14,"minecraft:oak_planks":57,"minecraft:honeycomb":6,"minecraft:sculk":3,"minecraft:sweet_berries":85,"minecraft:stone_brick_slab":2,"minecraft:lava_bucket":2,"minecraft:dandelion":3,"minecraft:dripstone_block":24,"minecraft:torchflower_seeds":4,"minecraft:gravel":12,"minecraft:amethyst_shard":13,"minecraft:stripped_spruce_log":6,"minecraft:spruce_sapling":2,"minecraft:blast_furnace":2,"minecraft:spruce_log":33,"minecraft:barrel":55,"minecraft:mossy_cobblestone":9,"minecraft:leather_helmet":5,"minecraft:polished_andesite":7,"minecraft:sculk_sensor":11,"minecraft:deepslate":1,"minecraft:diamond":79,"minecraft:stone_axe":6,"minecraft:iron_helmet":4,"minecraft:bone_meal":2,"minecraft:golden_apple":17,"minecraft:emerald":52,"minecraft:bread":216,"minecraft:coal":94,"minecraft:diamond_pickaxe":3,"minecraft:ender_pearl":20},"minecraft:killed_by":{"minecraft:player":3,"minecraft:vindicator":1,"minecraft:skeleton":4,"minecraft:zombie":6},"minecraft:mined":{"minecraft:infested_deepslate":2,"minecraft:large_amethyst_bud":1,"minecraft:diamond_ore":1,"minecraft:tuff":340,"minecraft:spruce_planks":3,"minecraft:mossy_cobblestone":11,"minecraft:deepslate_diamond_ore":67,"minecraft:candle":1,"minecraft:budding_amethyst":3,"minecraft:grass_block":13,"minecraft:coal_block":1,"minecraft:spruce_leaves":15,"minecraft:moss_block":5,"minecraft:gilded_blackstone":1,"minecraft:large_fern":6,"minecraft:hay_block":3,"minecraft:furnace":4,"minecraft:fire":1,"minecraft:cobbled_deepslate":5,"minecraft:iron_ore":27,"minecraft:barrel":85,"minecraft:andesite":11,"minecraft:stripped_spruce_log":6,"minecraft:anvil":1,"minecraft:deepslate_lapis_ore":3,"minecraft:brown_bed":9,"minecraft:deepslate_iron_ore":26,"minecraft:iron_bars":1,"minecraft:wet_sponge":4,"minecraft:spruce_wood":2,"minecraft:stone":45,"minecraft:spruce_slab":3,"minecraft:deepslate_redstone_ore":6,"minecraft:blackstone":45,"minecraft:player_wall_head":1,"minecraft:amethyst_cluster":2,"minecraft:stone_brick_slab":1,"minecraft:dandelion":2,"minecraft:polished_granite":12,"minecraft:crafting_table":4,"minecraft:blast_furnace":2,"minecraft:calcite":14,"minecraft:sponge":1,"minecraft:sculk":1,"minecraft:campfire":1,"minecraft:deepslate_gold_ore":34,"minecraft:tall_grass":2,"minecraft:cobblestone":2,"minecraft:deepslate_coal_ore":1,"minecraft:lapis_ore":2,"minecraft:oak_planks":4,"minecraft:sugar_cane":1,"minecraft:amethyst_block":20,"minecraft:sweet_berry_bush":52,"minecraft:spruce_log":33,"minecraft:yellow_stained_glass_pane":2,"minecraft:grass":23,"minecraft:coal_ore":16,"minecraft:ochre_froglight":8,"minecraft:gravel":83,"minecraft:dirt":5,"minecraft:cobweb":10,"minecraft:smooth_basalt":89,"minecraft:cracked_stone_bricks":5,"minecraft:stone_bricks":17,"minecraft:polished_andesite":6,"minecraft:mossy_stone_bricks":5,"minecraft:gold_ore":3,"minecraft:deepslate":3709,"minecraft:suspicious_gravel":2,"minecraft:fern":18},"minecraft:broken":{"minecraft:iron_pickaxe":2},"minecraft:crafted":{"minecraft:bone_meal":75,"minecraft:stone_pickaxe":1,"minecraft:chest":3,"minecraft:smoker":1,"minecraft:wheat":144,"minecraft:crafting_table":3,"minecraft:spruce_planks":128,"minecraft:wooden_pickaxe":1,"minecraft:bucket":1,"minecraft:stone_axe":1,"minecraft:bread":48,"minecraft:air":0,"minecraft:iron_chestplate":1,"minecraft:diamond_pickaxe":3,"minecraft:shield":2,"minecraft:stick":36,"minecraft:iron_ingot":37,"minecraft:iron_pickaxe":2,"minecraft:stone_sword":1,"minecraft:anvil":1,"minecraft:torch":48,"minecraft:sponge":4},"minecraft:killed":{"minecraft:spider":1,"minecraft:skeleton":13,"minecraft:silverfish":7,"minecraft:drowned":2,"minecraft:salmon":3,"minecraft:creeper":1,"minecraft:sheep":3,"minecraft:pillager":1,"minecraft:zombie":34},"minecraft:custom":{"minecraft:interact_with_anvil":1,"minecraft:mob_kills":66,"minecraft:interact_with_crafting_table":27,"minecraft:open_barrel":175,"minecraft:leave_game":2,"minecraft:time_since_death":8538,"minecraft:climb_one_cm":4716,"minecraft:sprint_one_cm":371390,"minecraft:walk_one_cm":556924,"minecraft:damage_blocked_by_shield":870,"minecraft:drop":132,"minecraft:talked_to_villager":3,"minecraft:play_time":245923,"minecraft:sneak_time":4755,"minecraft:deaths":16,"minecraft:walk_under_water_one_cm":24635,"minecraft:jump":4031,"minecraft:interact_with_blast_furnace":11,"minecraft:walk_on_water_one_cm":68446,"minecraft:total_world_time":245923,"minecraft:interact_with_furnace":20,"minecraft:sleep_in_bed":8,"minecraft:time_since_rest":4783,"minecraft:damage_taken":6278,"minecraft:damage_dealt":10034,"minecraft:player_kills":4,"minecraft:swim_one_cm":88089,"minecraft:fly_one_cm":798877,"minecraft:open_chest":137,"minecraft:crouch_one_cm":5421,"minecraft:interact_with_smoker":2,"minecraft:fall_one_cm":137036},"minecraft:used":{"minecraft:stone_sword":22,"minecraft:spruce_slab":2,"minecraft:chest":3,"minecraft:shield":15,"minecraft:iron_sword":267,"minecraft:sculk":1,"minecraft:player_head":4,"minecraft:torch":50,"minecraft:dirt":3,"minecraft:anvil":1,"minecraft:tuff":3,"minecraft:honey_bottle":2,"minecraft:lava_bucket":1,"minecraft:spruce_wood":2,"minecraft:iron_axe":144,"minecraft:barrel":21,"minecraft:deepslate_diamond_ore":6,"minecraft:bow":10,"minecraft:written_book":7,"minecraft:sweet_berries":9,"minecraft:furnace":5,"minecraft:netherite_pickaxe":4,"minecraft:egg":1,"minecraft:cooked_beef":13,"minecraft:cobbled_deepslate":16,"minecraft:brown_bed":7,"minecraft:water_bucket":11,"minecraft:stone_pickaxe":71,"minecraft:oak_planks":6,"minecraft:cactus":1,"minecraft:wooden_pickaxe":21,"minecraft:diamond_axe":62,"minecraft:sugar_cane":3,"minecraft:mossy_cobblestone":1,"minecraft:crafting_table":8,"minecraft:blast_furnace":2,"minecraft:spruce_log":1,"minecraft:ochre_froglight":7,"minecraft:sponge":4,"minecraft:smoker":1,"minecraft:wooden_hoe":5,"minecraft:diamond_pickaxe":4118,"minecraft:diamond_shovel":50,"minecraft:bread":35,"minecraft:iron_pickaxe":379,"minecraft:deepslate":1,"minecraft:stone_axe":12,"minecraft:cobblestone":2,"minecraft:potion":8,"minecraft:bucket":12,"minecraft:experience_bottle":209},"minecraft:dropped":{"minecraft:bread":15,"minecraft:iron_sword":1,"minecraft:netherite_pickaxe":3,"minecraft:wheat_seeds":15,"minecraft:glass_bottle":12,"minecraft:dripstone_block":17,"minecraft:iron_helmet":1,"minecraft:leather":1,"minecraft:cracked_stone_bricks":7,"minecraft:coal":2,"minecraft:leather_helmet":3,"minecraft:golden_apple":1,"minecraft:coal_block":12,"minecraft:stick":10,"minecraft:item_frame":8,"minecraft:polished_andesite":7,"minecraft:lava_bucket":2,"minecraft:cobweb":1,"minecraft:dirt":2,"minecraft:wooden_hoe":1,"minecraft:cooked_cod":12,"minecraft:iron_leggings":4,"minecraft:chain":11,"minecraft:bone_meal":1,"minecraft:redstone":5,"minecraft:spruce_sapling":2,"minecraft:stone_brick_slab":1,"minecraft:bone":25,"minecraft:gravel":5,"minecraft:stone_axe":1,"minecraft:spyglass":1,"minecraft:player_head":16,"minecraft:cobbled_deepslate":384,"minecraft:tuff":1,"minecraft:pointed_dripstone":2,"minecraft:raw_iron":4,"minecraft:rotten_flesh":14,"minecraft:iron_boots":1,"minecraft:honey_bottle":4,"minecraft:carrot":10,"minecraft:potato":2,"minecraft:shield":2,"minecraft:spruce_planks":7,"minecraft:diamond_pickaxe":2,"minecraft:iron_chestplate":1,"minecraft:andesite":10,"minecraft:mossy_stone_bricks":4,"minecraft:leather_boots":2,"minecraft:leather_leggings":1,"minecraft:brown_bed":1,"minecraft:barrel":29,"minecraft:stone_bricks":15,"minecraft:iron_bars":3,"minecraft:arrow":9,"minecraft:stone_pickaxe":2,"minecraft:wooden_pickaxe":3,"minecraft:polished_granite":9,"minecraft:egg":1}},"DataVersion":3578}