{"stats":{"minecraft:picked_up":{"minecraft:crafting_table":6,"minecraft:iron_chestplate":2,"minecraft:leather_leggings":3,"minecraft:structure_block":6,"minecraft:wooden_pickaxe":5,"minecraft:brown_bed":6,"minecraft:brewing_stand":5,"minecraft:chain":55,"minecraft:shield":1,"minecraft:string":10,"minecraft:iron_axe":1,"minecraft:iron_leggings":4,"minecraft:item_frame":9,"minecraft:experience_bottle":18,"minecraft:cobbled_deepslate":311,"minecraft:smooth_stone":1,"minecraft:spruce_planks":28,"minecraft:beef":41,"minecraft:written_book":8,"minecraft:player_head":15,"minecraft:furnace":2,"minecraft:egg":3,"minecraft:raw_iron":13,"minecraft:stick":7,"minecraft:porkchop":85,"minecraft:carrot":70,"minecraft:redstone":13,"minecraft:arrow":26,"minecraft:rotten_flesh":81,"minecraft:cooked_cod":12,"minecraft:beetroot_seeds":2,"minecraft:hay_block":80,"minecraft:mutton":57,"minecraft:iron_bars":2,"minecraft:cobblestone":56,"minecraft:white_wool":50,"minecraft:leather_chestplate":1,"minecraft:cooked_beef":20,"minecraft:warped_fungus_on_a_stick":4,"minecraft:andesite":108,"minecraft:leather":17,"minecraft:potato":7,"minecraft:tuff":54,"minecraft:oak_log":13,"minecraft:dirt":19,"minecraft:lantern":1,"minecraft:white_banner":1,"minecraft:name_tag":14,"minecraft:leather_boots":2,"minecraft:bone":155,"minecraft:apple":38,"minecraft:stone_bricks":1,"minecraft:bow":4,"minecraft:wheat_seeds":48,"minecraft:iron_ingot":41,"minecraft:stone_pickaxe":5,"minecraft:oak_planks":35,"minecraft:iron_sword":5,"minecraft:gravel":2,"minecraft:stripped_spruce_log":4,"minecraft:spruce_log":4,"minecraft:oak_wood":2,"minecraft:diamond":1,"minecraft:stone_axe":3,"minecraft:lever":1,"minecraft:bone_meal":5,"minecraft:golden_apple":5,"minecraft:emerald":5,"minecraft:damaged_anvil":1,"minecraft:dark_oak_fence":6,"minecraft:coal":166,"minecraft:diamond_pickaxe":1},"minecraft:killed_by":{"minecraft:player":1,"minecraft:skeleton":3,"minecraft:zombie":1},"minecraft:mined":{"minecraft:tuff":104,"minecraft:deepslate_diamond_ore":1,"minecraft:brewing_stand":1,"minecraft:dark_oak_fence":8,"minecraft:grass_block":7,"minecraft:white_stained_glass":2,"minecraft:spruce_leaves":9,"minecraft:spawner":3,"minecraft:hay_block":13,"minecraft:smooth_stone":1,"minecraft:furnace":2,"minecraft:carrots":10,"minecraft:iron_ore":3,"minecraft:andesite":52,"minecraft:stripped_spruce_log":4,"minecraft:brown_bed":1,"minecraft:potatoes":1,"minecraft:deepslate_iron_ore":7,"minecraft:iron_bars":4,"minecraft:stone":38,"minecraft:deepslate_redstone_ore":4,"minecraft:stone_brick_slab":4,"minecraft:crafting_table":2,"minecraft:oak_wood":2,"minecraft:cobblestone":2,"minecraft:damaged_anvil":1,"minecraft:stone_stairs":1,"minecraft:sweet_berry_bush":1,"minecraft:wheat":13,"minecraft:spruce_log":4,"minecraft:grass":11,"minecraft:oak_log":13,"minecraft:coal_ore":63,"minecraft:beetroots":2,"minecraft:gravel":1,"minecraft:dirt":12,"minecraft:deepslate":364,"minecraft:oak_leaves":1},"minecraft:crafted":{"minecraft:oak_planks":60,"minecraft:furnace":2,"minecraft:iron_boots":2,"minecraft:stone_pickaxe":1,"minecraft:cooked_porkchop":18,"minecraft:crafting_table":3,"minecraft:spruce_planks":32,"minecraft:wooden_pickaxe":1,"minecraft:iron_helmet":2,"minecraft:stone_axe":1,"minecraft:air":0,"minecraft:iron_chestplate":1,"minecraft:shield":1,"minecraft:stick":8,"minecraft:iron_pickaxe":1,"minecraft:iron_leggings":1},"minecraft:killed":{"minecraft:spider":7,"minecraft:skeleton":7,"minecraft:pig":19,"minecraft:sheep":10,"minecraft:pillager":12,"minecraft:zombie":17,"minecraft:cow":15},"minecraft:used":{"minecraft:shield":17,"minecraft:iron_sword":221,"minecraft:iron_chestplate":2,"minecraft:dirt":8,"minecraft:mutton":15,"minecraft:tuff":2,"minecraft:bow":1,"minecraft:written_book":1,"minecraft:cooked_cod":2,"minecraft:furnace":2,"minecraft:cooked_beef":9,"minecraft:iron_leggings":1,"minecraft:brown_bed":1,"minecraft:stone_pickaxe":103,"minecraft:oak_planks":46,"minecraft:leather_chestplate":1,"minecraft:wooden_pickaxe":19,"minecraft:golden_apple":2,"minecraft:crafting_table":5,"minecraft:diamond_pickaxe":436,"minecraft:apple":27,"minecraft:bread":4,"minecraft:iron_pickaxe":102,"minecraft:gravel":1,"minecraft:stone_axe":42,"minecraft:cooked_porkchop":1,"minecraft:porkchop":5,"minecraft:andesite":35,"minecraft:experience_bottle":6},"minecraft:custom":{"minecraft:mob_kills":87,"minecraft:interact_with_crafting_table":11,"minecraft:open_barrel":34,"minecraft:time_since_death":32349,"minecraft:climb_one_cm":5769,"minecraft:sprint_one_cm":175182,"minecraft:walk_one_cm":234435,"minecraft:damage_blocked_by_shield":885,"minecraft:drop":61,"minecraft:talked_to_villager":1,"minecraft:play_time":90341,"minecraft:deaths":6,"minecraft:sneak_time":10559,"minecraft:walk_under_water_one_cm":10213,"minecraft:jump":1639,"minecraft:interact_with_blast_furnace":2,"minecraft:walk_on_water_one_cm":17258,"minecraft:total_world_time":90341,"minecraft:interact_with_furnace":19,"minecraft:sleep_in_bed":1,"minecraft:time_since_rest":32388,"minecraft:damage_taken":3958,"minecraft:damage_absorbed":80,"minecraft:damage_dealt":12443,"minecraft:swim_one_cm":21013,"minecraft:fly_one_cm":274810,"minecraft:open_chest":28,"minecraft:crouch_one_cm":23938,"minecraft:fall_one_cm":46277},"minecraft:dropped":{"minecraft:iron_ingot":1,"minecraft:bread":4,"minecraft:wheat_seeds":24,"minecraft:cooked_beef":6,"minecraft:diamond":1,"minecraft:crafting_table":1,"minecraft:cobblestone":13,"minecraft:lantern":1,"minecraft:leather":1,"minecraft:item_frame":2,"minecraft:stick":2,"minecraft:dirt":11,"minecraft:dark_oak_fence":6,"minecraft:mutton":12,"minecraft:iron_leggings":1,"minecraft:chain":33,"minecraft:bone_meal":3,"minecraft:smooth_stone":1,"minecraft:string":5,"minecraft:gravel":1,"minecraft:stone_axe":1,"minecraft:lever":1,"minecraft:player_head":9,"minecraft:rotten_flesh":8,"minecraft:oak_planks":8,"minecraft:structure_block":2,"minecraft:carrot":10,"minecraft:potato":1,"minecraft:hay_block":16,"minecraft:spruce_planks":10,"minecraft:andesite":22,"minecraft:stone_bricks":1,"minecraft:iron_bars":2,"minecraft:bow":2,"minecraft:wooden_pickaxe":3,"minecraft:beef":6,"minecraft:stone_pickaxe":2,"minecraft:written_book":1}},"DataVersion":3578}