{"stats":{"minecraft:picked_up":{"minecraft:wooden_axe":1,"minecraft:crafting_table":6,"minecraft:iron_chestplate":3,"minecraft:leather_leggings":3,"minecraft:structure_block":6,"minecraft:wooden_pickaxe":6,"minecraft:brown_bed":6,"minecraft:wither_rose":8,"minecraft:gold_block":2,"minecraft:brewing_stand":5,"minecraft:chain":55,"minecraft:shield":2,"minecraft:string":22,"minecraft:iron_axe":2,"minecraft:iron_leggings":5,"minecraft:item_frame":9,"minecraft:experience_bottle":64,"minecraft:cracked_stone_bricks":12,"minecraft:cobbled_deepslate":311,"minecraft:smooth_stone":1,"minecraft:spruce_planks":28,"minecraft:beef":41,"minecraft:written_book":8,"minecraft:player_head":18,"minecraft:iron_boots":1,"minecraft:furnace":2,"minecraft:egg":3,"minecraft:tipped_arrow":3,"minecraft:raw_iron":13,"minecraft:stick":7,"minecraft:torch":1,"minecraft:porkchop":85,"minecraft:carrot":70,"minecraft:redstone":15,"minecraft:arrow":28,"minecraft:rotten_flesh":93,"minecraft:cooked_cod":12,"minecraft:beetroot_seeds":2,"minecraft:hay_block":80,"minecraft:mutton":57,"minecraft:skeleton_skull":2,"minecraft:iron_bars":2,"minecraft:cobblestone":77,"minecraft:white_wool":50,"minecraft:leather_chestplate":1,"minecraft:cooked_beef":20,"minecraft:warped_fungus_on_a_stick":4,"minecraft:andesite":121,"minecraft:leather":17,"minecraft:potato":7,"minecraft:tuff":54,"minecraft:oak_log":13,"minecraft:dirt":19,"minecraft:lantern":1,"minecraft:white_banner":1,"minecraft:name_tag":14,"minecraft:leather_boots":3,"minecraft:bone":158,"minecraft:apple":38,"minecraft:stone_bricks":13,"minecraft:bow":4,"minecraft:wheat_seeds":48,"minecraft:iron_ingot":41,"minecraft:stone_pickaxe":5,"minecraft:mossy_stone_bricks":3,"minecraft:oak_planks":35,"minecraft:iron_sword":6,"minecraft:stone_brick_slab":2,"minecraft:gravel":6,"minecraft:stripped_spruce_log":4,"minecraft:spruce_log":4,"minecraft:mossy_cobblestone":1,"minecraft:oak_wood":2,"minecraft:diamond":1,"minecraft:stone_axe":3,"minecraft:lever":1,"minecraft:iron_helmet":1,"minecraft:bone_meal":5,"minecraft:golden_apple":9,"minecraft:bread":64,"minecraft:emerald":5,"minecraft:damaged_anvil":1,"minecraft:dark_oak_fence":6,"minecraft:coal":166,"minecraft:ender_pearl":6,"minecraft:diamond_pickaxe":2},"minecraft:killed_by":{"minecraft:player":2,"minecraft:skeleton":3,"minecraft:zombie":1},"minecraft:mined":{"minecraft:tuff":104,"minecraft:mossy_cobblestone":1,"minecraft:deepslate_diamond_ore":1,"minecraft:cobblestone_stairs":1,"minecraft:brewing_stand":1,"minecraft:dark_oak_fence":8,"minecraft:grass_block":7,"minecraft:white_stained_glass":2,"minecraft:polished_andesite_slab":3,"minecraft:spruce_leaves":9,"minecraft:spawner":3,"minecraft:hay_block":13,"minecraft:smooth_stone":1,"minecraft:furnace":2,"minecraft:carrots":10,"minecraft:iron_ore":4,"minecraft:andesite":60,"minecraft:stripped_spruce_log":4,"minecraft:brown_bed":1,"minecraft:potatoes":1,"minecraft:deepslate_iron_ore":7,"minecraft:iron_bars":4,"minecraft:stone":58,"minecraft:deepslate_redstone_ore":4,"minecraft:player_wall_head":1,"minecraft:stone_brick_slab":4,"minecraft:crafting_table":2,"minecraft:torch":1,"minecraft:oak_wood":2,"minecraft:cobblestone":3,"minecraft:damaged_anvil":1,"minecraft:skeleton_skull":2,"minecraft:stone_stairs":1,"minecraft:sweet_berry_bush":1,"minecraft:wheat":13,"minecraft:spruce_log":4,"minecraft:smooth_stone_slab":4,"minecraft:grass":11,"minecraft:oak_log":13,"minecraft:coal_ore":63,"minecraft:beetroots":2,"minecraft:gravel":1,"minecraft:dirt":12,"minecraft:cobweb":11,"minecraft:cracked_stone_bricks":12,"minecraft:polished_andesite":4,"minecraft:stone_bricks":58,"minecraft:mossy_stone_bricks":7,"minecraft:deepslate":364,"minecraft:oak_leaves":1},"minecraft:crafted":{"minecraft:oak_planks":60,"minecraft:furnace":2,"minecraft:iron_boots":2,"minecraft:stone_pickaxe":1,"minecraft:cooked_porkchop":18,"minecraft:crafting_table":3,"minecraft:spruce_planks":32,"minecraft:wooden_pickaxe":1,"minecraft:iron_helmet":2,"minecraft:stone_axe":1,"minecraft:air":0,"minecraft:iron_chestplate":1,"minecraft:shield":1,"minecraft:stick":8,"minecraft:iron_pickaxe":1,"minecraft:iron_leggings":1},"minecraft:killed":{"minecraft:spider":7,"minecraft:skeleton":9,"minecraft:pig":19,"minecraft:sheep":10,"minecraft:pillager":12,"minecraft:zombie":17,"minecraft:cow":15},"minecraft:used":{"minecraft:shield":24,"minecraft:iron_sword":243,"minecraft:player_head":1,"minecraft:iron_chestplate":2,"minecraft:dirt":8,"minecraft:mutton":15,"minecraft:tuff":2,"minecraft:stone_brick_slab":1,"minecraft:bow":1,"minecraft:written_book":1,"minecraft:cooked_cod":2,"minecraft:furnace":2,"minecraft:cooked_beef":9,"minecraft:iron_leggings":1,"minecraft:brown_bed":1,"minecraft:stone_pickaxe":103,"minecraft:oak_planks":46,"minecraft:leather_chestplate":1,"minecraft:wooden_pickaxe":19,"minecraft:golden_apple":2,"minecraft:crafting_table":5,"minecraft:diamond_pickaxe":560,"minecraft:apple":27,"minecraft:bread":6,"minecraft:iron_pickaxe":102,"minecraft:gravel":5,"minecraft:stone_axe":42,"minecraft:cooked_porkchop":1,"minecraft:porkchop":5,"minecraft:andesite":35,"minecraft:experience_bottle":6},"minecraft:custom":{"minecraft:mob_kills":89,"minecraft:interact_with_crafting_table":11,"minecraft:open_barrel":35,"minecraft:time_since_death":11264,"minecraft:climb_one_cm":5769,"minecraft:sprint_one_cm":203512,"minecraft:walk_one_cm":273547,"minecraft:damage_blocked_by_shield":1545,"minecraft:drop":65,"minecraft:talked_to_villager":1,"minecraft:play_time":102341,"minecraft:deaths":7,"minecraft:sneak_time":11174,"minecraft:walk_under_water_one_cm":10956,"minecraft:jump":1770,"minecraft:interact_with_blast_furnace":2,"minecraft:walk_on_water_one_cm":36541,"minecraft:total_world_time":102341,"minecraft:interact_with_furnace":19,"minecraft:sleep_in_bed":1,"minecraft:time_since_rest":11315,"minecraft:damage_taken":4303,"minecraft:damage_absorbed":80,"minecraft:damage_dealt":12994,"minecraft:swim_one_cm":26302,"minecraft:fly_one_cm":281460,"minecraft:open_chest":47,"minecraft:crouch_one_cm":25997,"minecraft:fall_one_cm":46546},"minecraft:dropped":{"minecraft:iron_ingot":1,"minecraft:bread":4,"minecraft:wheat_seeds":24,"minecraft:cooked_beef":6,"minecraft:diamond":1,"minecraft:crafting_table":1,"minecraft:cobblestone":13,"minecraft:lantern":1,"minecraft:leather":1,"minecraft:item_frame":2,"minecraft:stick":2,"minecraft:dirt":11,"minecraft:dark_oak_fence":6,"minecraft:mutton":12,"minecraft:iron_leggings":1,"minecraft:chain":33,"minecraft:bone_meal":3,"minecraft:smooth_stone":1,"minecraft:string":5,"minecraft:gravel":1,"minecraft:stone_axe":1,"minecraft:lever":1,"minecraft:player_head":10,"minecraft:rotten_flesh":10,"minecraft:oak_planks":8,"minecraft:structure_block":2,"minecraft:carrot":10,"minecraft:potato":1,"minecraft:hay_block":16,"minecraft:spruce_planks":10,"minecraft:andesite":22,"minecraft:mossy_stone_bricks":1,"minecraft:stone_bricks":7,"minecraft:iron_bars":2,"minecraft:bow":2,"minecraft:wooden_pickaxe":3,"minecraft:beef":6,"minecraft:stone_pickaxe":2,"minecraft:written_book":1}},"DataVersion":3578}