{"stats":{"minecraft:picked_up":{"minecraft:iron_chestplate":1,"minecraft:crafting_table":3,"minecraft:leather_chestplate":1,"minecraft:cooked_beef":14,"minecraft:warped_fungus_on_a_stick":2,"minecraft:andesite":4,"minecraft:leather_leggings":2,"minecraft:structure_block":3,"minecraft:leather":2,"minecraft:wooden_pickaxe":2,"minecraft:potato":3,"minecraft:brown_bed":3,"minecraft:oak_log":13,"minecraft:chain":11,"minecraft:brewing_stand":3,"minecraft:string":5,"minecraft:name_tag":6,"minecraft:iron_leggings":3,"minecraft:leather_boots":1,"minecraft:item_frame":5,"minecraft:bone":42,"minecraft:experience_bottle":12,"minecraft:apple":18,"minecraft:wheat_seeds":36,"minecraft:spruce_planks":14,"minecraft:beef":9,"minecraft:stone_pickaxe":2,"minecraft:written_book":4,"minecraft:player_head":6,"minecraft:iron_sword":2,"minecraft:oak_planks":26,"minecraft:egg":3,"minecraft:stick":2,"minecraft:porkchop":27,"minecraft:stripped_spruce_log":4,"minecraft:carrot":30,"minecraft:rotten_flesh":24,"minecraft:beetroot_seeds":2,"minecraft:stone_axe":2,"minecraft:hay_block":48,"minecraft:bone_meal":3,"minecraft:golden_apple":2,"minecraft:mutton":39,"minecraft:coal":36,"minecraft:white_wool":30,"minecraft:cobblestone":24},"minecraft:killed_by":{"minecraft:skeleton":2},"minecraft:mined":{"minecraft:brewing_stand":1,"minecraft:crafting_table":1,"minecraft:white_stained_glass":2,"minecraft:spruce_leaves":2,"minecraft:spawner":2,"minecraft:hay_block":13,"minecraft:stone_stairs":1,"minecraft:carrots":10,"minecraft:wheat":13,"minecraft:andesite":3,"minecraft:stripped_spruce_log":4,"minecraft:grass":1,"minecraft:coal_ore":14,"minecraft:potatoes":1,"minecraft:oak_log":13,"minecraft:beetroots":2,"minecraft:iron_bars":4,"minecraft:stone":13,"minecraft:oak_leaves":1},"minecraft:crafted":{"minecraft:oak_planks":52,"minecraft:crafting_table":1,"minecraft:spruce_planks":16,"minecraft:wooden_pickaxe":1,"minecraft:stone_axe":1,"minecraft:stick":4,"minecraft:stone_pickaxe":1},"minecraft:killed":{"minecraft:pig":4,"minecraft:spider":5,"minecraft:skeleton":2,"minecraft:sheep":10,"minecraft:zombie":10,"minecraft:cow":1},"minecraft:used":{"minecraft:stone_pickaxe":21,"minecraft:oak_planks":39,"minecraft:wooden_pickaxe":19,"minecraft:leather_chestplate":1,"minecraft:iron_sword":54,"minecraft:iron_chestplate":2,"minecraft:mutton":5,"minecraft:crafting_table":1,"minecraft:bread":4,"minecraft:stone_axe":42,"minecraft:written_book":1,"minecraft:cooked_beef":5,"minecraft:iron_leggings":1},"minecraft:custom":{"minecraft:mob_kills":32,"minecraft:interact_with_crafting_table":2,"minecraft:open_barrel":10,"minecraft:time_since_death":3600,"minecraft:climb_one_cm":1112,"minecraft:time_since_rest":3638,"minecraft:sprint_one_cm":62793,"minecraft:damage_taken":1248,"minecraft:walk_one_cm":72748,"minecraft:drop":6,"minecraft:damage_dealt":4230,"minecraft:swim_one_cm":11073,"minecraft:fly_one_cm":107468,"minecraft:open_chest":2,"minecraft:crouch_one_cm":5568,"minecraft:play_time":24341,"minecraft:deaths":2,"minecraft:sneak_time":3089,"minecraft:walk_under_water_one_cm":481,"minecraft:jump":546,"minecraft:walk_on_water_one_cm":1602,"minecraft:total_world_time":24341,"minecraft:fall_one_cm":16756},"minecraft:dropped":{"minecraft:wheat_seeds":12,"minecraft:player_head":3,"minecraft:cobblestone":6,"minecraft:bone_meal":1,"minecraft:beef":3}},"DataVersion":3578}