{"stats":{"minecraft:picked_up":{"minecraft:iron_chestplate":2,"minecraft:crafting_table":3,"minecraft:leather_chestplate":1,"minecraft:cooked_beef":14,"minecraft:warped_fungus_on_a_stick":3,"minecraft:andesite":6,"minecraft:leather_leggings":3,"minecraft:structure_block":4,"minecraft:leather":9,"minecraft:wooden_pickaxe":2,"minecraft:potato":4,"minecraft:brown_bed":4,"minecraft:oak_log":13,"minecraft:chain":11,"minecraft:brewing_stand":4,"minecraft:string":10,"minecraft:lantern":1,"minecraft:name_tag":11,"minecraft:iron_leggings":3,"minecraft:leather_boots":1,"minecraft:item_frame":5,"minecraft:bone":105,"minecraft:experience_bottle":12,"minecraft:stone_bricks":1,"minecraft:apple":29,"minecraft:bow":4,"minecraft:wheat_seeds":36,"minecraft:smooth_stone":1,"minecraft:spruce_planks":21,"minecraft:iron_ingot":16,"minecraft:beef":21,"minecraft:stone_pickaxe":3,"minecraft:written_book":6,"minecraft:player_head":9,"minecraft:iron_sword":3,"minecraft:oak_planks":26,"minecraft:egg":3,"minecraft:stick":2,"minecraft:porkchop":63,"minecraft:stripped_spruce_log":4,"minecraft:carrot":40,"minecraft:oak_wood":2,"minecraft:arrow":19,"minecraft:rotten_flesh":64,"minecraft:beetroot_seeds":2,"minecraft:stone_axe":3,"minecraft:lever":1,"minecraft:hay_block":64,"minecraft:bone_meal":5,"minecraft:golden_apple":4,"minecraft:emerald":1,"minecraft:damaged_anvil":1,"minecraft:iron_bars":2,"minecraft:mutton":46,"minecraft:coal":48,"minecraft:white_wool":40,"minecraft:cobblestone":24},"minecraft:killed_by":{"minecraft:player":1,"minecraft:skeleton":2,"minecraft:zombie":1},"minecraft:mined":{"minecraft:brewing_stand":1,"minecraft:crafting_table":1,"minecraft:oak_wood":2,"minecraft:white_stained_glass":2,"minecraft:spruce_leaves":2,"minecraft:damaged_anvil":1,"minecraft:spawner":3,"minecraft:smooth_stone":1,"minecraft:hay_block":13,"minecraft:stone_stairs":1,"minecraft:carrots":10,"minecraft:wheat":13,"minecraft:andesite":3,"minecraft:stripped_spruce_log":4,"minecraft:grass":5,"minecraft:coal_ore":14,"minecraft:potatoes":1,"minecraft:oak_log":13,"minecraft:beetroots":2,"minecraft:iron_bars":4,"minecraft:stone":13,"minecraft:oak_leaves":1},"minecraft:crafted":{"minecraft:oak_planks":60,"minecraft:crafting_table":2,"minecraft:spruce_planks":16,"minecraft:wooden_pickaxe":1,"minecraft:iron_helmet":1,"minecraft:stone_axe":1,"minecraft:iron_boots":1,"minecraft:shield":1,"minecraft:stick":4,"minecraft:stone_pickaxe":1},"minecraft:killed":{"minecraft:pig":19,"minecraft:spider":6,"minecraft:skeleton":7,"minecraft:sheep":10,"minecraft:pillager":1,"minecraft:zombie":10,"minecraft:cow":6},"minecraft:used":{"minecraft:stone_pickaxe":24,"minecraft:oak_planks":46,"minecraft:wooden_pickaxe":19,"minecraft:leather_chestplate":1,"minecraft:iron_sword":125,"minecraft:iron_chestplate":2,"minecraft:mutton":9,"minecraft:crafting_table":2,"minecraft:apple":15,"minecraft:bread":4,"minecraft:stone_axe":42,"minecraft:bow":1,"minecraft:written_book":1,"minecraft:andesite":1,"minecraft:cooked_beef":9,"minecraft:experience_bottle":6,"minecraft:iron_leggings":1},"minecraft:custom":{"minecraft:interact_with_furnace":6,"minecraft:mob_kills":59,"minecraft:interact_with_crafting_table":5,"minecraft:open_barrel":17,"minecraft:time_since_death":13067,"minecraft:climb_one_cm":5769,"minecraft:time_since_rest":13107,"minecraft:sprint_one_cm":130839,"minecraft:damage_taken":2579,"minecraft:walk_one_cm":136703,"minecraft:drop":31,"minecraft:damage_dealt":7535,"minecraft:swim_one_cm":15084,"minecraft:talked_to_villager":1,"minecraft:fly_one_cm":205937,"minecraft:open_chest":12,"minecraft:crouch_one_cm":5721,"minecraft:play_time":42341,"minecraft:deaths":4,"minecraft:sneak_time":3114,"minecraft:walk_under_water_one_cm":757,"minecraft:jump":970,"minecraft:walk_on_water_one_cm":2505,"minecraft:total_world_time":42341,"minecraft:fall_one_cm":32023},"minecraft:dropped":{"minecraft:stone_axe":1,"minecraft:wheat_seeds":12,"minecraft:lever":1,"minecraft:player_head":6,"minecraft:crafting_table":1,"minecraft:cobblestone":6,"minecraft:rotten_flesh":8,"minecraft:oak_planks":8,"minecraft:lantern":1,"minecraft:leather":1,"minecraft:item_frame":2,"minecraft:spruce_planks":3,"minecraft:andesite":2,"minecraft:stone_bricks":1,"minecraft:iron_bars":2,"minecraft:iron_leggings":1,"minecraft:chain":11,"minecraft:bone_meal":3,"minecraft:bow":2,"minecraft:beef":3,"minecraft:wooden_pickaxe":1,"minecraft:smooth_stone":1,"minecraft:string":5}},"DataVersion":3578}