{"stats":{"minecraft:picked_up":{"minecraft:stick":2,"minecraft:crafting_table":1,"minecraft:andesite":2,"minecraft:leather_leggings":1,"minecraft:structure_block":1,"minecraft:leather":1,"minecraft:potato":1,"minecraft:porkchop":9,"minecraft:oak_log":13,"minecraft:stripped_spruce_log":4,"minecraft:carrot":10,"minecraft:iron_leggings":1,"minecraft:item_frame":1,"minecraft:beetroot_seeds":2,"minecraft:wheat_seeds":12,"minecraft:beef":3,"minecraft:player_head":1,"minecraft:mutton":16,"minecraft:coal":12,"minecraft:white_wool":10,"minecraft:cobblestone":11,"minecraft:egg":1},"minecraft:mined":{"minecraft:carrots":10,"minecraft:wheat":13,"minecraft:andesite":3,"minecraft:stripped_spruce_log":4,"minecraft:crafting_table":1,"minecraft:potatoes":1,"minecraft:grass":1,"minecraft:oak_log":13,"minecraft:coal_ore":14,"minecraft:beetroots":2,"minecraft:white_stained_glass":2,"minecraft:spruce_leaves":2,"minecraft:stone":11},"minecraft:crafted":{"minecraft:crafting_table":1,"minecraft:spruce_planks":16,"minecraft:stick":4,"minecraft:wooden_pickaxe":1,"minecraft:stone_pickaxe":1,"minecraft:stone_axe":1},"minecraft:killed":{"minecraft:sheep":10,"minecraft:pig":4,"minecraft:zombie":1,"minecraft:cow":1},"minecraft:used":{"minecraft:bread":4,"minecraft:stone_pickaxe":10,"minecraft:leather_chestplate":1,"minecraft:wooden_pickaxe":19,"minecraft:stone_axe":33,"minecraft:written_book":1,"minecraft:crafting_table":1},"minecraft:custom":{"minecraft:time_since_rest":12341,"minecraft:sprint_one_cm":36647,"minecraft:damage_taken":169,"minecraft:walk_one_cm":29601,"minecraft:mob_kills":16,"minecraft:damage_dealt":1319,"minecraft:swim_one_cm":11073,"minecraft:interact_with_crafting_table":2,"minecraft:fly_one_cm":72509,"minecraft:open_barrel":3,"minecraft:crouch_one_cm":1345,"minecraft:play_time":12341,"minecraft:sneak_time":1012,"minecraft:walk_under_water_one_cm":481,"minecraft:jump":339,"minecraft:walk_on_water_one_cm":1602,"minecraft:time_since_death":12341,"minecraft:total_world_time":12341,"minecraft:fall_one_cm":9902}},"DataVersion":3578}