{"stats":{"minecraft:picked_up":{"minecraft:crafting_table":6,"minecraft:iron_chestplate":2,"minecraft:leather_leggings":3,"minecraft:structure_block":5,"minecraft:wooden_pickaxe":5,"minecraft:brown_bed":6,"minecraft:brewing_stand":5,"minecraft:chain":55,"minecraft:string":10,"minecraft:iron_axe":1,"minecraft:iron_leggings":4,"minecraft:item_frame":9,"minecraft:experience_bottle":18,"minecraft:smooth_stone":1,"minecraft:spruce_planks":28,"minecraft:beef":41,"minecraft:written_book":8,"minecraft:player_head":14,"minecraft:furnace":2,"minecraft:egg":3,"minecraft:raw_iron":11,"minecraft:stick":7,"minecraft:porkchop":85,"minecraft:carrot":50,"minecraft:arrow":26,"minecraft:rotten_flesh":81,"minecraft:beetroot_seeds":2,"minecraft:hay_block":80,"minecraft:mutton":57,"minecraft:iron_bars":2,"minecraft:cobblestone":56,"minecraft:white_wool":50,"minecraft:leather_chestplate":1,"minecraft:cooked_beef":20,"minecraft:warped_fungus_on_a_stick":4,"minecraft:andesite":98,"minecraft:leather":17,"minecraft:potato":5,"minecraft:oak_log":13,"minecraft:dirt":19,"minecraft:lantern":1,"minecraft:white_banner":1,"minecraft:name_tag":14,"minecraft:leather_boots":2,"minecraft:bone":130,"minecraft:apple":38,"minecraft:stone_bricks":1,"minecraft:bow":4,"minecraft:wheat_seeds":48,"minecraft:iron_ingot":17,"minecraft:stone_pickaxe":5,"minecraft:oak_planks":35,"minecraft:iron_sword":5,"minecraft:gravel":1,"minecraft:stripped_spruce_log":4,"minecraft:spruce_log":4,"minecraft:oak_wood":2,"minecraft:stone_axe":3,"minecraft:lever":1,"minecraft:bone_meal":5,"minecraft:golden_apple":5,"minecraft:emerald":5,"minecraft:damaged_anvil":1,"minecraft:dark_oak_fence":6,"minecraft:coal":166},"minecraft:killed_by":{"minecraft:player":1,"minecraft:skeleton":3,"minecraft:zombie":1},"minecraft:mined":{"minecraft:brewing_stand":1,"minecraft:dark_oak_fence":8,"minecraft:grass_block":7,"minecraft:white_stained_glass":2,"minecraft:spruce_leaves":9,"minecraft:spawner":3,"minecraft:hay_block":13,"minecraft:smooth_stone":1,"minecraft:furnace":2,"minecraft:carrots":10,"minecraft:iron_ore":3,"minecraft:andesite":40,"minecraft:stripped_spruce_log":4,"minecraft:brown_bed":1,"minecraft:potatoes":1,"minecraft:deepslate_iron_ore":7,"minecraft:iron_bars":4,"minecraft:stone":38,"minecraft:crafting_table":2,"minecraft:oak_wood":2,"minecraft:cobblestone":2,"minecraft:damaged_anvil":1,"minecraft:stone_stairs":1,"minecraft:wheat":13,"minecraft:spruce_log":4,"minecraft:grass":9,"minecraft:oak_log":13,"minecraft:coal_ore":63,"minecraft:beetroots":2,"minecraft:dirt":12,"minecraft:deepslate":1,"minecraft:oak_leaves":1},"minecraft:crafted":{"minecraft:oak_planks":60,"minecraft:furnace":2,"minecraft:iron_boots":1,"minecraft:stone_pickaxe":1,"minecraft:cooked_porkchop":18,"minecraft:crafting_table":3,"minecraft:spruce_planks":32,"minecraft:wooden_pickaxe":1,"minecraft:iron_helmet":1,"minecraft:stone_axe":1,"minecraft:air":0,"minecraft:shield":1,"minecraft:stick":8,"minecraft:iron_pickaxe":1},"minecraft:killed":{"minecraft:spider":6,"minecraft:skeleton":7,"minecraft:pig":19,"minecraft:sheep":10,"minecraft:pillager":12,"minecraft:zombie":15,"minecraft:cow":15},"minecraft:used":{"minecraft:shield":17,"minecraft:iron_sword":208,"minecraft:iron_chestplate":2,"minecraft:dirt":8,"minecraft:mutton":15,"minecraft:bow":1,"minecraft:written_book":1,"minecraft:furnace":2,"minecraft:cooked_beef":9,"minecraft:iron_leggings":1,"minecraft:brown_bed":1,"minecraft:stone_pickaxe":50,"minecraft:oak_planks":46,"minecraft:leather_chestplate":1,"minecraft:wooden_pickaxe":19,"minecraft:golden_apple":2,"minecraft:crafting_table":3,"minecraft:apple":21,"minecraft:bread":4,"minecraft:iron_pickaxe":102,"minecraft:gravel":1,"minecraft:stone_axe":42,"minecraft:cooked_porkchop":1,"minecraft:porkchop":5,"minecraft:andesite":13,"minecraft:experience_bottle":6},"minecraft:custom":{"minecraft:mob_kills":84,"minecraft:interact_with_crafting_table":7,"minecraft:open_barrel":18,"minecraft:time_since_death":8349,"minecraft:climb_one_cm":5769,"minecraft:sprint_one_cm":160939,"minecraft:walk_one_cm":194849,"minecraft:damage_blocked_by_shield":885,"minecraft:drop":51,"minecraft:talked_to_villager":1,"minecraft:play_time":66341,"minecraft:deaths":6,"minecraft:sneak_time":5601,"minecraft:walk_under_water_one_cm":4058,"minecraft:jump":1419,"minecraft:walk_on_water_one_cm":7714,"minecraft:total_world_time":66341,"minecraft:interact_with_furnace":15,"minecraft:sleep_in_bed":1,"minecraft:time_since_rest":8388,"minecraft:damage_taken":3719,"minecraft:damage_absorbed":80,"minecraft:damage_dealt":11824,"minecraft:swim_one_cm":17978,"minecraft:fly_one_cm":260724,"minecraft:open_chest":13,"minecraft:crouch_one_cm":9699,"minecraft:fall_one_cm":43392},"minecraft:dropped":{"minecraft:bread":4,"minecraft:wheat_seeds":24,"minecraft:crafting_table":1,"minecraft:cobblestone":13,"minecraft:lantern":1,"minecraft:leather":1,"minecraft:item_frame":2,"minecraft:stick":2,"minecraft:dirt":11,"minecraft:dark_oak_fence":6,"minecraft:mutton":1,"minecraft:iron_leggings":1,"minecraft:chain":33,"minecraft:bone_meal":3,"minecraft:smooth_stone":1,"minecraft:string":5,"minecraft:stone_axe":1,"minecraft:lever":1,"minecraft:player_head":9,"minecraft:rotten_flesh":8,"minecraft:oak_planks":8,"minecraft:hay_block":16,"minecraft:spruce_planks":10,"minecraft:andesite":22,"minecraft:stone_bricks":1,"minecraft:iron_bars":2,"minecraft:bow":2,"minecraft:wooden_pickaxe":3,"minecraft:beef":3,"minecraft:stone_pickaxe":2}},"DataVersion":3578}