{"stats":{"minecraft:picked_up":{"minecraft:crafting_table":3,"minecraft:iron_chestplate":2,"minecraft:leather_leggings":3,"minecraft:structure_block":4,"minecraft:wooden_pickaxe":2,"minecraft:brown_bed":5,"minecraft:brewing_stand":4,"minecraft:chain":11,"minecraft:string":10,"minecraft:iron_leggings":3,"minecraft:item_frame":5,"minecraft:experience_bottle":12,"minecraft:smooth_stone":1,"minecraft:spruce_planks":21,"minecraft:beef":32,"minecraft:written_book":6,"minecraft:player_head":9,"minecraft:egg":3,"minecraft:stick":2,"minecraft:porkchop":63,"minecraft:carrot":40,"minecraft:arrow":26,"minecraft:rotten_flesh":64,"minecraft:beetroot_seeds":2,"minecraft:hay_block":64,"minecraft:mutton":46,"minecraft:iron_bars":2,"minecraft:cobblestone":47,"minecraft:white_wool":40,"minecraft:leather_chestplate":1,"minecraft:cooked_beef":14,"minecraft:warped_fungus_on_a_stick":3,"minecraft:andesite":32,"minecraft:leather":15,"minecraft:potato":4,"minecraft:oak_log":13,"minecraft:dirt":19,"minecraft:lantern":1,"minecraft:white_banner":1,"minecraft:name_tag":11,"minecraft:leather_boots":1,"minecraft:bone":105,"minecraft:apple":29,"minecraft:stone_bricks":1,"minecraft:bow":4,"minecraft:wheat_seeds":36,"minecraft:iron_ingot":16,"minecraft:stone_pickaxe":4,"minecraft:oak_planks":26,"minecraft:iron_sword":3,"minecraft:stripped_spruce_log":4,"minecraft:spruce_log":4,"minecraft:oak_wood":2,"minecraft:stone_axe":3,"minecraft:lever":1,"minecraft:bone_meal":5,"minecraft:golden_apple":4,"minecraft:emerald":5,"minecraft:damaged_anvil":1,"minecraft:dark_oak_fence":6,"minecraft:coal":97},"minecraft:killed_by":{"minecraft:player":1,"minecraft:skeleton":2,"minecraft:zombie":1},"minecraft:mined":{"minecraft:brewing_stand":1,"minecraft:dark_oak_fence":8,"minecraft:grass_block":7,"minecraft:white_stained_glass":2,"minecraft:spruce_leaves":9,"minecraft:spawner":3,"minecraft:hay_block":13,"minecraft:smooth_stone":1,"minecraft:carrots":10,"minecraft:andesite":29,"minecraft:stripped_spruce_log":4,"minecraft:brown_bed":1,"minecraft:potatoes":1,"minecraft:iron_bars":4,"minecraft:stone":36,"minecraft:crafting_table":1,"minecraft:oak_wood":2,"minecraft:cobblestone":2,"minecraft:damaged_anvil":1,"minecraft:stone_stairs":1,"minecraft:wheat":13,"minecraft:spruce_log":4,"minecraft:grass":9,"minecraft:oak_log":13,"minecraft:coal_ore":63,"minecraft:beetroots":2,"minecraft:dirt":12,"minecraft:oak_leaves":1},"minecraft:crafted":{"minecraft:oak_planks":60,"minecraft:furnace":2,"minecraft:iron_boots":1,"minecraft:stone_pickaxe":1,"minecraft:crafting_table":3,"minecraft:spruce_planks":32,"minecraft:wooden_pickaxe":1,"minecraft:iron_helmet":1,"minecraft:stone_axe":1,"minecraft:shield":1,"minecraft:stick":8,"minecraft:iron_pickaxe":1},"minecraft:killed":{"minecraft:spider":6,"minecraft:skeleton":7,"minecraft:pig":19,"minecraft:sheep":10,"minecraft:pillager":12,"minecraft:zombie":10,"minecraft:cow":12},"minecraft:used":{"minecraft:shield":17,"minecraft:iron_sword":180,"minecraft:iron_chestplate":2,"minecraft:dirt":8,"minecraft:mutton":15,"minecraft:bow":1,"minecraft:written_book":1,"minecraft:furnace":2,"minecraft:cooked_beef":9,"minecraft:iron_leggings":1,"minecraft:brown_bed":1,"minecraft:stone_pickaxe":26,"minecraft:oak_planks":46,"minecraft:leather_chestplate":1,"minecraft:wooden_pickaxe":19,"minecraft:golden_apple":2,"minecraft:crafting_table":3,"minecraft:apple":18,"minecraft:bread":4,"minecraft:iron_pickaxe":99,"minecraft:stone_axe":42,"minecraft:porkchop":5,"minecraft:andesite":1,"minecraft:experience_bottle":6},"minecraft:custom":{"minecraft:mob_kills":76,"minecraft:interact_with_crafting_table":7,"minecraft:open_barrel":17,"minecraft:time_since_death":25067,"minecraft:climb_one_cm":5769,"minecraft:sprint_one_cm":151543,"minecraft:walk_one_cm":174460,"minecraft:damage_blocked_by_shield":885,"minecraft:drop":40,"minecraft:talked_to_villager":1,"minecraft:play_time":54341,"minecraft:deaths":4,"minecraft:sneak_time":3497,"minecraft:walk_under_water_one_cm":886,"minecraft:jump":1208,"minecraft:walk_on_water_one_cm":2968,"minecraft:total_world_time":54341,"minecraft:interact_with_furnace":9,"minecraft:sleep_in_bed":1,"minecraft:time_since_rest":5120,"minecraft:damage_taken":3110,"minecraft:damage_absorbed":80,"minecraft:damage_dealt":10724,"minecraft:swim_one_cm":17978,"minecraft:fly_one_cm":238022,"minecraft:open_chest":13,"minecraft:crouch_one_cm":6367,"minecraft:fall_one_cm":35891},"minecraft:dropped":{"minecraft:bread":4,"minecraft:wheat_seeds":12,"minecraft:crafting_table":1,"minecraft:cobblestone":13,"minecraft:lantern":1,"minecraft:leather":1,"minecraft:item_frame":2,"minecraft:stick":2,"minecraft:dirt":11,"minecraft:dark_oak_fence":6,"minecraft:mutton":1,"minecraft:iron_leggings":1,"minecraft:chain":11,"minecraft:bone_meal":3,"minecraft:smooth_stone":1,"minecraft:string":5,"minecraft:stone_axe":1,"minecraft:lever":1,"minecraft:player_head":6,"minecraft:rotten_flesh":8,"minecraft:oak_planks":8,"minecraft:hay_block":16,"minecraft:spruce_planks":3,"minecraft:andesite":2,"minecraft:stone_bricks":1,"minecraft:iron_bars":2,"minecraft:bow":2,"minecraft:wooden_pickaxe":1,"minecraft:beef":3,"minecraft:stone_pickaxe":2}},"DataVersion":3578}