{"stats":{"minecraft:picked_up":{"minecraft:wooden_axe":1,"minecraft:crafting_table":6,"minecraft:iron_chestplate":8,"minecraft:leather_leggings":3,"minecraft:structure_block":13,"minecraft:lead":2,"minecraft:wooden_pickaxe":6,"minecraft:brown_bed":6,"minecraft:wither_rose":24,"minecraft:gold_block":6,"minecraft:brewing_stand":5,"minecraft:chain":55,"minecraft:shield":4,"minecraft:string":32,"minecraft:iron_axe":4,"minecraft:iron_leggings":10,"minecraft:item_frame":9,"minecraft:experience_bottle":156,"minecraft:cracked_stone_bricks":15,"minecraft:cobbled_deepslate":786,"minecraft:smooth_stone":1,"minecraft:spruce_planks":28,"minecraft:beef":41,"minecraft:written_book":8,"minecraft:player_head":25,"minecraft:spruce_slab":1,"minecraft:iron_boots":6,"minecraft:furnace":2,"minecraft:egg":3,"minecraft:tipped_arrow":9,"minecraft:raw_iron":18,"minecraft:stick":14,"minecraft:stone":5,"minecraft:torch":3,"minecraft:porkchop":85,"minecraft:pointed_dripstone":4,"minecraft:carrot":70,"minecraft:redstone":36,"minecraft:iron_horse_armor":2,"minecraft:honey_bottle":6,"minecraft:arrow":32,"minecraft:rotten_flesh":94,"minecraft:cooked_cod":12,"minecraft:beetroot_seeds":2,"minecraft:pumpkin_pie":15,"minecraft:hay_block":80,"minecraft:mutton":57,"minecraft:skeleton_skull":2,"minecraft:iron_bars":2,"minecraft:cobblestone":110,"minecraft:white_wool":50,"minecraft:leather_chestplate":1,"minecraft:cooked_beef":20,"minecraft:warped_fungus_on_a_stick":4,"minecraft:andesite":121,"minecraft:leather":19,"minecraft:potato":7,"minecraft:filled_map":1,"minecraft:tuff":76,"minecraft:oak_log":13,"minecraft:gunpowder":4,"minecraft:dirt":19,"minecraft:lantern":1,"minecraft:white_banner":1,"minecraft:name_tag":14,"minecraft:leather_boots":3,"minecraft:bone":210,"minecraft:apple":38,"minecraft:stone_bricks":13,"minecraft:bow":4,"minecraft:wheat_seeds":48,"minecraft:spruce_wood":2,"minecraft:iron_ingot":41,"minecraft:stone_pickaxe":5,"minecraft:mossy_stone_bricks":3,"minecraft:honeycomb":6,"minecraft:oak_planks":35,"minecraft:iron_sword":10,"minecraft:stone_brick_slab":2,"minecraft:dripstone_block":71,"minecraft:gravel":6,"minecraft:stripped_spruce_log":4,"minecraft:spruce_log":4,"minecraft:barrel":1,"minecraft:mossy_cobblestone":1,"minecraft:oak_wood":2,"minecraft:diamond":1,"minecraft:stone_axe":3,"minecraft:lever":1,"minecraft:iron_helmet":6,"minecraft:bone_meal":5,"minecraft:golden_apple":17,"minecraft:bread":186,"minecraft:emerald":5,"minecraft:damaged_anvil":1,"minecraft:dark_oak_fence":6,"minecraft:coal":166,"minecraft:ender_pearl":18,"minecraft:diamond_pickaxe":4},"minecraft:killed_by":{"minecraft:player":5,"minecraft:spider":1,"minecraft:skeleton":3,"minecraft:zombie":1},"minecraft:mined":{"minecraft:tuff":161,"minecraft:mossy_cobblestone":1,"minecraft:candle":1,"minecraft:deepslate_diamond_ore":1,"minecraft:sculk_vein":1,"minecraft:cobblestone_stairs":1,"minecraft:brewing_stand":1,"minecraft:dark_oak_fence":8,"minecraft:grass_block":7,"minecraft:white_stained_glass":2,"minecraft:polished_andesite_slab":3,"minecraft:spruce_leaves":9,"minecraft:spawner":3,"minecraft:hay_block":13,"minecraft:smooth_stone":1,"minecraft:furnace":2,"minecraft:carrots":10,"minecraft:iron_ore":4,"minecraft:andesite":60,"minecraft:stripped_spruce_log":4,"minecraft:deepslate_lapis_ore":5,"minecraft:brown_bed":1,"minecraft:pointed_dripstone":1,"minecraft:potatoes":1,"minecraft:deepslate_iron_ore":7,"minecraft:iron_bars":4,"minecraft:spruce_wood":2,"minecraft:stone":108,"minecraft:spruce_slab":1,"minecraft:deepslate_redstone_ore":9,"minecraft:player_wall_head":1,"minecraft:stone_brick_slab":4,"minecraft:polished_granite":2,"minecraft:crafting_table":2,"minecraft:torch":1,"minecraft:oak_wood":2,"minecraft:sculk_sensor":2,"minecraft:tall_grass":2,"minecraft:copper_ore":1,"minecraft:cobblestone":3,"minecraft:damaged_anvil":1,"minecraft:sculk":2,"minecraft:skeleton_skull":2,"minecraft:stone_stairs":1,"minecraft:sweet_berry_bush":1,"minecraft:wheat":13,"minecraft:spruce_log":4,"minecraft:smooth_stone_slab":4,"minecraft:grass":13,"minecraft:oak_log":13,"minecraft:coal_ore":63,"minecraft:beetroots":2,"minecraft:dripstone_block":23,"minecraft:gravel":1,"minecraft:dirt":12,"minecraft:cobweb":11,"minecraft:cracked_stone_bricks":16,"minecraft:polished_andesite":6,"minecraft:stone_bricks":85,"minecraft:mossy_stone_bricks":9,"minecraft:deepslate":982,"minecraft:oak_leaves":1},"minecraft:crafted":{"minecraft:oak_planks":60,"minecraft:furnace":2,"minecraft:iron_boots":2,"minecraft:stone_pickaxe":1,"minecraft:cooked_porkchop":18,"minecraft:crafting_table":3,"minecraft:spruce_planks":40,"minecraft:wooden_pickaxe":1,"minecraft:iron_helmet":2,"minecraft:stone_axe":1,"minecraft:air":0,"minecraft:iron_chestplate":1,"minecraft:shield":1,"minecraft:stick":8,"minecraft:iron_pickaxe":1,"minecraft:iron_leggings":1},"minecraft:killed":{"minecraft:spider":7,"minecraft:skeleton":9,"minecraft:pig":19,"minecraft:sheep":10,"minecraft:pillager":12,"minecraft:zombie":24,"minecraft:cow":15},"minecraft:used":{"minecraft:spruce_slab":1,"minecraft:shield":24,"minecraft:stone":3,"minecraft:iron_sword":292,"minecraft:player_head":4,"minecraft:iron_chestplate":3,"minecraft:dirt":8,"minecraft:mutton":15,"minecraft:tuff":3,"minecraft:stone_brick_slab":1,"minecraft:iron_boots":1,"minecraft:bow":1,"minecraft:written_book":1,"minecraft:cooked_cod":2,"minecraft:furnace":2,"minecraft:cooked_beef":9,"minecraft:iron_leggings":1,"minecraft:brown_bed":1,"minecraft:stone_pickaxe":103,"minecraft:oak_planks":46,"minecraft:leather_chestplate":1,"minecraft:wooden_pickaxe":56,"minecraft:golden_apple":2,"minecraft:mossy_cobblestone":1,"minecraft:crafting_table":5,"minecraft:dripstone_block":26,"minecraft:diamond_pickaxe":1320,"minecraft:apple":27,"minecraft:bread":9,"minecraft:iron_pickaxe":102,"minecraft:gravel":5,"minecraft:stone_axe":42,"minecraft:cooked_porkchop":1,"minecraft:porkchop":5,"minecraft:andesite":35,"minecraft:pumpkin_pie":13,"minecraft:experience_bottle":6},"minecraft:custom":{"minecraft:mob_kills":96,"minecraft:interact_with_crafting_table":11,"minecraft:open_barrel":67,"minecraft:time_since_death":27753,"minecraft:climb_one_cm":5769,"minecraft:sprint_one_cm":282985,"minecraft:walk_one_cm":365658,"minecraft:damage_blocked_by_shield":1545,"minecraft:drop":71,"minecraft:talked_to_villager":1,"minecraft:play_time":156341,"minecraft:deaths":11,"minecraft:sneak_time":21947,"minecraft:walk_under_water_one_cm":19069,"minecraft:jump":2681,"minecraft:interact_with_blast_furnace":2,"minecraft:walk_on_water_one_cm":65406,"minecraft:total_world_time":156341,"minecraft:interact_with_furnace":19,"minecraft:sleep_in_bed":2,"minecraft:time_since_rest":1386,"minecraft:damage_taken":6104,"minecraft:damage_absorbed":80,"minecraft:damage_dealt":15022,"minecraft:player_kills":3,"minecraft:swim_one_cm":51560,"minecraft:fly_one_cm":552562,"minecraft:open_chest":51,"minecraft:crouch_one_cm":64898,"minecraft:fall_one_cm":58548},"minecraft:dropped":{"minecraft:iron_ingot":1,"minecraft:bread":4,"minecraft:wheat_seeds":24,"minecraft:cooked_beef":6,"minecraft:diamond":1,"minecraft:crafting_table":1,"minecraft:cobblestone":13,"minecraft:lantern":1,"minecraft:leather":1,"minecraft:cod":6,"minecraft:item_frame":2,"minecraft:stick":2,"minecraft:dirt":11,"minecraft:dark_oak_fence":6,"minecraft:mutton":12,"minecraft:iron_leggings":1,"minecraft:chain":33,"minecraft:bone_meal":3,"minecraft:smooth_stone":1,"minecraft:string":5,"minecraft:gravel":1,"minecraft:stone_axe":1,"minecraft:lever":1,"minecraft:player_head":12,"minecraft:rotten_flesh":10,"minecraft:oak_planks":8,"minecraft:structure_block":2,"minecraft:carrot":10,"minecraft:filled_map":1,"minecraft:potato":1,"minecraft:hay_block":16,"minecraft:stone":2,"minecraft:spruce_planks":10,"minecraft:andesite":22,"minecraft:mossy_stone_bricks":1,"minecraft:stone_bricks":7,"minecraft:arrow":2,"minecraft:iron_bars":2,"minecraft:bow":2,"minecraft:wooden_pickaxe":3,"minecraft:beef":6,"minecraft:stone_pickaxe":2,"minecraft:written_book":1}},"DataVersion":3578}