{"stats":{"minecraft:killed":{"minecraft:spider":3},"minecraft:dropped":{"minecraft:iron_helmet":1,"minecraft:iron_leggings":1,"minecraft:iron_boots":1,"minecraft:iron_chestplate":1},"minecraft:mined":{"minecraft:grass_block":1,"minecraft:melon":2,"minecraft:vine":1,"minecraft:jungle_log":2,"minecraft:sand":6,"minecraft:oak_leaves":2},"minecraft:used":{"minecraft:melon_slice":4,"minecraft:iron_sword":5},"minecraft:custom":{"minecraft:time_since_rest":4207,"minecraft:play_time":4207,"minecraft:sprint_one_cm":2513,"minecraft:damage_taken":140,"minecraft:walk_one_cm":17969,"minecraft:mob_kills":3,"minecraft:drop":4,"minecraft:jump":78,"minecraft:damage_dealt":490,"minecraft:leave_game":1,"minecraft:time_since_death":4207,"minecraft:total_world_time":4207,"minecraft:climb_one_cm":529,"minecraft:fall_one_cm":956,"minecraft:fly_one_cm":31618},"minecraft:picked_up":{"minecraft:iron_chestplate":1,"minecraft:iron_leggings":1,"minecraft:jungle_log":2,"minecraft:iron_helmet":1,"minecraft:sand":6,"minecraft:melon_slice":10,"minecraft:dirt":1,"minecraft:string":5,"minecraft:iron_boots":1}},"DataVersion":3465}