{"stats":{"minecraft:picked_up":{"minecraft:stripped_spruce_log":6,"minecraft:spruce_sapling":1},"minecraft:mined":{"minecraft:grass":1,"minecraft:spruce_leaves":4,"minecraft:stripped_spruce_log":6},"minecraft:used":{"minecraft:written_book":2},"minecraft:custom":{"minecraft:jump":45,"minecraft:time_since_rest":5113,"minecraft:damage_dealt":120,"minecraft:sprint_one_cm":4493,"minecraft:play_time":5113,"minecraft:damage_taken":10,"minecraft:time_since_death":5113,"minecraft:walk_one_cm":9750,"minecraft:sneak_time":142,"minecraft:total_world_time":5113,"minecraft:fall_one_cm":836,"minecraft:fly_one_cm":79078}},"DataVersion":3578}