{"stats":{"minecraft:picked_up":{"minecraft:crafting_table":1,"minecraft:azure_bluet":1,"minecraft:andesite":4,"minecraft:leather":1,"minecraft:lead":2,"minecraft:cornflower":1,"minecraft:iron_leggings":1,"minecraft:hanging_roots":1,"minecraft:white_tulip":1,"minecraft:player_head":4,"minecraft:tall_grass":1,"minecraft:sugar_cane":3,"minecraft:furnace":2,"minecraft:raw_iron":4,"minecraft:cooked_porkchop":5,"minecraft:spyglass":1,"minecraft:porkchop":1,"minecraft:stripped_spruce_log":12,"minecraft:spruce_sapling":3,"minecraft:diamond":1,"minecraft:stone_axe":1,"minecraft:bread":5,"minecraft:coal":15,"minecraft:cobblestone":27},"minecraft:mined":{"minecraft:diamond_ore":1,"minecraft:crafting_table":1,"minecraft:cobblestone":1,"minecraft:spruce_leaves":8,"minecraft:sugar_cane":2,"minecraft:furnace":2,"minecraft:iron_ore":4,"minecraft:fire":8,"minecraft:andesite":4,"minecraft:stripped_spruce_log":12,"minecraft:azure_bluet":1,"minecraft:grass":5,"minecraft:coal_ore":15,"minecraft:sunflower":2,"minecraft:stone":26,"minecraft:player_head":2},"minecraft:crafted":{"minecraft:crafting_table":1,"minecraft:spruce_planks":48,"minecraft:wooden_pickaxe":1,"minecraft:furnace":2,"minecraft:stone_axe":1,"minecraft:air":0,"minecraft:flint_and_steel":1,"minecraft:stick":12,"minecraft:iron_ingot":4,"minecraft:iron_pickaxe":1,"minecraft:stone_pickaxe":1,"minecraft:stone_sword":1,"minecraft:torch":4},"minecraft:killed":{"minecraft:pig":3},"minecraft:used":{"minecraft:stone_sword":3,"minecraft:flint_and_steel":9,"minecraft:stone_pickaxe":12,"minecraft:wooden_pickaxe":41,"minecraft:torch":1,"minecraft:crafting_table":2,"minecraft:azure_bluet":1,"minecraft:cornflower":1,"minecraft:iron_pickaxe":3,"minecraft:bread":5,"minecraft:suspicious_stew":1,"minecraft:stone_axe":11,"minecraft:cobblestone":1,"minecraft:tall_grass":1,"minecraft:written_book":2,"minecraft:furnace":4,"minecraft:porkchop":1,"minecraft:andesite":4,"minecraft:hanging_roots":1},"minecraft:custom":{"minecraft:interact_with_furnace":4,"minecraft:mob_kills":3,"minecraft:interact_with_crafting_table":10,"minecraft:open_barrel":7,"minecraft:time_since_death":29113,"minecraft:climb_one_cm":599,"minecraft:time_since_rest":29113,"minecraft:sprint_one_cm":64623,"minecraft:damage_taken":220,"minecraft:walk_one_cm":106592,"minecraft:drop":18,"minecraft:damage_dealt":406,"minecraft:swim_one_cm":5750,"minecraft:talked_to_villager":1,"minecraft:fly_one_cm":151670,"minecraft:open_chest":2,"minecraft:crouch_one_cm":1304,"minecraft:play_time":29113,"minecraft:sneak_time":594,"minecraft:walk_under_water_one_cm":1197,"minecraft:jump":545,"minecraft:walk_on_water_one_cm":3364,"minecraft:total_world_time":29113,"minecraft:fall_one_cm":13080},"minecraft:dropped":{"minecraft:white_tulip":2,"minecraft:stone_axe":1,"minecraft:player_head":1,"minecraft:bowl":1,"minecraft:tall_grass":5,"minecraft:poppy":2,"minecraft:wooden_pickaxe":1,"minecraft:red_tulip":2,"minecraft:dandelion":4,"minecraft:pink_tulip":3,"minecraft:hanging_roots":1}},"DataVersion":3578}