{"stats":{"minecraft:used":{"minecraft:cooked_mutton":1,"minecraft:stone_pickaxe":95,"minecraft:chest":6,"minecraft:wooden_pickaxe":73,"minecraft:rotten_flesh":3,"minecraft:dirt":4,"minecraft:mutton":1,"minecraft:crafting_table":6,"minecraft:magenta_bed":5,"minecraft:crossbow":1,"minecraft:big_dripleaf":3,"minecraft:spruce_boat":4,"minecraft:apple":2,"minecraft:bread":9,"minecraft:gravel":4,"minecraft:spruce_sapling":2,"minecraft:stone_axe":80,"minecraft:cobblestone":33,"minecraft:written_book":1,"minecraft:sweet_berries":40,"minecraft:furnace":2,"minecraft:egg":2},"minecraft:crafted":{"minecraft:magenta_wool":3,"minecraft:magenta_bed":1,"minecraft:crafting_table":2,"minecraft:spruce_planks":132,"minecraft:wooden_pickaxe":1,"minecraft:iron_sword":1,"minecraft:furnace":2,"minecraft:bucket":1,"minecraft:stone_axe":1,"minecraft:cooked_mutton":3,"minecraft:air":0,"minecraft:iron_chestplate":1,"minecraft:shield":1,"minecraft:iron_axe":1,"minecraft:stick":16,"minecraft:iron_ingot":24,"minecraft:iron_pickaxe":1,"minecraft:stone_pickaxe":1,"minecraft:chest":5,"minecraft:spruce_boat":1,"minecraft:torch":28,"minecraft:magenta_dye":3},"minecraft:custom":{"minecraft:interact_with_furnace":6,"minecraft:mob_kills":7,"minecraft:interact_with_crafting_table":15,"minecraft:open_barrel":4,"minecraft:leave_game":4,"minecraft:time_since_death":57613,"minecraft:sleep_in_bed":6,"minecraft:time_since_rest":2655,"minecraft:sprint_one_cm":140549,"minecraft:damage_taken":911,"minecraft:walk_one_cm":157103,"minecraft:drop":2,"minecraft:damage_dealt":1032,"minecraft:swim_one_cm":9178,"minecraft:fly_one_cm":578893,"minecraft:open_chest":9,"minecraft:crouch_one_cm":1708,"minecraft:play_time":79552,"minecraft:deaths":1,"minecraft:sneak_time":1384,"minecraft:walk_under_water_one_cm":1248,"minecraft:boat_one_cm":182873,"minecraft:jump":1350,"minecraft:walk_on_water_one_cm":9506,"minecraft:total_world_time":79552,"minecraft:fall_one_cm":34564},"minecraft:mined":{"minecraft:crafting_table":5,"minecraft:dark_oak_fence":4,"minecraft:allium":3,"minecraft:grass_block":4,"minecraft:chest":1,"minecraft:tall_grass":1,"minecraft:copper_ore":1,"minecraft:spruce_leaves":13,"minecraft:large_fern":1,"minecraft:iron_ore":20,"minecraft:barrel":1,"minecraft:sweet_berry_bush":2,"minecraft:magenta_bed":4,"minecraft:spruce_log":49,"minecraft:grass":36,"minecraft:oak_log":4,"minecraft:coal_ore":82,"minecraft:gravel":4,"minecraft:azalea_leaves":1,"minecraft:stone":63,"minecraft:fern":3},"minecraft:dropped":{"minecraft:crossbow":1,"minecraft:wooden_pickaxe":1},"minecraft:killed_by":{"minecraft:pillager":1},"minecraft:killed":{"minecraft:sheep":3,"minecraft:pillager":2,"minecraft:zombie":2},"minecraft:broken":{"minecraft:wooden_pickaxe":1},"minecraft:picked_up":{"minecraft:crafting_table":6,"minecraft:allium":3,"minecraft:oak_log":4,"minecraft:magenta_bed":4,"minecraft:dirt":4,"minecraft:string":8,"minecraft:moss_carpet":21,"minecraft:raw_copper":10,"minecraft:name_tag":1,"minecraft:experience_bottle":9,"minecraft:apple":2,"minecraft:wheat_seeds":11,"minecraft:spruce_planks":9,"minecraft:iron_ingot":1,"minecraft:azalea":1,"minecraft:chest":1,"minecraft:egg":2,"minecraft:dark_oak_sapling":3,"minecraft:stick":4,"minecraft:raw_iron":20,"minecraft:sweet_berries":40,"minecraft:big_dripleaf":3,"minecraft:gravel":4,"minecraft:spruce_sapling":2,"minecraft:spruce_log":57,"minecraft:barrel":1,"minecraft:arrow":10,"minecraft:rotten_flesh":3,"minecraft:spruce_boat":4,"minecraft:crossbow":1,"minecraft:emerald":4,"minecraft:gold_ingot":4,"minecraft:bread":7,"minecraft:mutton":7,"minecraft:glow_berries":2,"minecraft:dark_oak_fence":4,"minecraft:coal":99,"minecraft:white_wool":3,"minecraft:cobblestone":115}},"DataVersion":3465}