{"stats":{"minecraft:picked_up":{"minecraft:raw_iron":1,"minecraft:crafting_table":1,"minecraft:andesite":4,"minecraft:spyglass":1,"minecraft:stripped_spruce_log":12,"minecraft:spruce_sapling":3,"minecraft:iron_leggings":1,"minecraft:player_head":1,"minecraft:bread":5,"minecraft:coal":15,"minecraft:cobblestone":25,"minecraft:furnace":2},"minecraft:mined":{"minecraft:furnace":2,"minecraft:iron_ore":1,"minecraft:andesite":4,"minecraft:stripped_spruce_log":12,"minecraft:crafting_table":1,"minecraft:grass":1,"minecraft:coal_ore":15,"minecraft:spruce_leaves":8,"minecraft:stone":24,"minecraft:player_head":1},"minecraft:crafted":{"minecraft:crafting_table":1,"minecraft:spruce_planks":48,"minecraft:stick":8,"minecraft:wooden_pickaxe":1,"minecraft:stone_pickaxe":1,"minecraft:stone_sword":1,"minecraft:furnace":2,"minecraft:stone_axe":1},"minecraft:used":{"minecraft:stone_sword":3,"minecraft:bread":3,"minecraft:stone_pickaxe":7,"minecraft:wooden_pickaxe":41,"minecraft:stone_axe":1,"minecraft:written_book":2,"minecraft:crafting_table":1,"minecraft:furnace":2,"minecraft:andesite":4},"minecraft:custom":{"minecraft:time_since_rest":17113,"minecraft:interact_with_furnace":1,"minecraft:sprint_one_cm":25218,"minecraft:damage_taken":160,"minecraft:walk_one_cm":55955,"minecraft:drop":1,"minecraft:damage_dealt":206,"minecraft:interact_with_crafting_table":8,"minecraft:fly_one_cm":114332,"minecraft:open_barrel":5,"minecraft:crouch_one_cm":210,"minecraft:play_time":17113,"minecraft:sneak_time":399,"minecraft:walk_under_water_one_cm":510,"minecraft:jump":291,"minecraft:time_since_death":17113,"minecraft:walk_on_water_one_cm":157,"minecraft:total_world_time":17113,"minecraft:fall_one_cm":7315},"minecraft:dropped":{"minecraft:player_head":1}},"DataVersion":3578}