{"stats":{"minecraft:picked_up":{"minecraft:crafting_table":1,"minecraft:azure_bluet":1,"minecraft:warped_fungus_on_a_stick":1,"minecraft:andesite":4,"minecraft:leather":2,"minecraft:lead":6,"minecraft:potion":1,"minecraft:flint":4,"minecraft:cornflower":1,"minecraft:red_bed":2,"minecraft:string":34,"minecraft:lantern":2,"minecraft:cooked_salmon":3,"minecraft:iron_axe":2,"minecraft:name_tag":5,"minecraft:flint_and_steel":1,"minecraft:smooth_stone_slab":3,"minecraft:iron_leggings":2,"minecraft:experience_bottle":9,"minecraft:bone":20,"minecraft:hanging_roots":1,"minecraft:beetroot":5,"minecraft:spruce_planks":35,"minecraft:iron_ingot":1,"minecraft:white_tulip":1,"minecraft:written_book":1,"minecraft:player_head":8,"minecraft:tall_grass":1,"minecraft:iron_pickaxe":1,"minecraft:sugar_cane":6,"minecraft:iron_sword":1,"minecraft:furnace":8,"minecraft:stick":2,"minecraft:raw_iron":8,"minecraft:cooked_porkchop":10,"minecraft:sweet_berries":7,"minecraft:stone_brick_slab":2,"minecraft:spyglass":2,"minecraft:porkchop":1,"minecraft:stripped_spruce_log":12,"minecraft:spruce_sapling":6,"minecraft:blast_furnace":2,"minecraft:honey_bottle":3,"minecraft:cooked_cod":4,"minecraft:rotten_flesh":2,"minecraft:diamond":6,"minecraft:stone_axe":1,"minecraft:emerald":10,"minecraft:bread":14,"minecraft:coal":46,"minecraft:cobblestone":51},"minecraft:killed_by":{"minecraft:vindicator":1},"minecraft:mined":{"minecraft:diamond_ore":3,"minecraft:red_bed":1,"minecraft:stone_brick_slab":2,"minecraft:crafting_table":1,"minecraft:blast_furnace":1,"minecraft:cobblestone":1,"minecraft:spruce_leaves":8,"minecraft:sugar_cane":2,"minecraft:furnace":5,"minecraft:sweet_berry_bush":3,"minecraft:iron_ore":4,"minecraft:fire":8,"minecraft:andesite":4,"minecraft:stripped_spruce_log":12,"minecraft:smooth_stone_slab":3,"minecraft:azure_bluet":1,"minecraft:grass":8,"minecraft:coal_ore":15,"minecraft:sunflower":2,"minecraft:cobweb":1,"minecraft:stone_bricks":4,"minecraft:stone":36,"minecraft:mossy_stone_bricks":1,"minecraft:player_head":2},"minecraft:crafted":{"minecraft:crafting_table":1,"minecraft:spruce_planks":48,"minecraft:wooden_pickaxe":1,"minecraft:furnace":2,"minecraft:stone_axe":1,"minecraft:air":0,"minecraft:flint_and_steel":1,"minecraft:stick":12,"minecraft:iron_ingot":4,"minecraft:iron_pickaxe":1,"minecraft:stone_pickaxe":1,"minecraft:stone_sword":1,"minecraft:torch":4},"minecraft:killed":{"minecraft:pig":3,"minecraft:zombie_villager":1},"minecraft:used":{"minecraft:stone_sword":6,"minecraft:flint_and_steel":9,"minecraft:stone_pickaxe":12,"minecraft:wooden_pickaxe":41,"minecraft:iron_sword":1,"minecraft:cooked_salmon":2,"minecraft:torch":4,"minecraft:crafting_table":2,"minecraft:azure_bluet":1,"minecraft:stone_brick_slab":2,"minecraft:cornflower":1,"minecraft:iron_axe":2,"minecraft:iron_pickaxe":29,"minecraft:bread":7,"minecraft:suspicious_stew":3,"minecraft:stone_axe":12,"minecraft:cobblestone":1,"minecraft:tall_grass":1,"minecraft:written_book":2,"minecraft:furnace":4,"minecraft:porkchop":1,"minecraft:andesite":4,"minecraft:hanging_roots":1},"minecraft:custom":{"minecraft:interact_with_furnace":6,"minecraft:mob_kills":8,"minecraft:animals_bred":1,"minecraft:interact_with_crafting_table":11,"minecraft:open_barrel":7,"minecraft:time_since_death":9178,"minecraft:climb_one_cm":2208,"minecraft:time_since_rest":9533,"minecraft:sprint_one_cm":164759,"minecraft:damage_taken":696,"minecraft:walk_one_cm":172137,"minecraft:drop":25,"minecraft:damage_dealt":576,"minecraft:swim_one_cm":7893,"minecraft:talked_to_villager":3,"minecraft:fly_one_cm":240823,"minecraft:open_chest":12,"minecraft:crouch_one_cm":2010,"minecraft:play_time":47113,"minecraft:deaths":1,"minecraft:sneak_time":722,"minecraft:walk_under_water_one_cm":1323,"minecraft:jump":967,"minecraft:interact_with_blast_furnace":1,"minecraft:walk_on_water_one_cm":3871,"minecraft:total_world_time":47113,"minecraft:fall_one_cm":22505},"minecraft:dropped":{"minecraft:white_tulip":2,"minecraft:stone_axe":1,"minecraft:sweet_berries":7,"minecraft:player_head":2,"minecraft:bowl":3,"minecraft:tall_grass":5,"minecraft:stick":2,"minecraft:poppy":2,"minecraft:red_bed":1,"minecraft:iron_axe":1,"minecraft:wooden_pickaxe":1,"minecraft:red_tulip":2,"minecraft:dandelion":4,"minecraft:pink_tulip":3,"minecraft:hanging_roots":1}},"DataVersion":3578}