{"stats":{"minecraft:picked_up":{"minecraft:wooden_axe":1,"minecraft:charcoal":4,"minecraft:iron_chestplate":2,"minecraft:crafting_table":1,"minecraft:azure_bluet":1,"minecraft:leather_leggings":2,"minecraft:structure_block":5,"minecraft:lead":6,"minecraft:wooden_pickaxe":1,"minecraft:wither_rose":8,"minecraft:gold_block":3,"minecraft:potion":2,"minecraft:shield":2,"minecraft:cornflower":1,"minecraft:string":72,"minecraft:red_bed":2,"minecraft:cooked_salmon":3,"minecraft:raw_copper":163,"minecraft:iron_axe":4,"minecraft:flint_and_steel":2,"minecraft:smooth_stone_slab":4,"minecraft:iron_leggings":4,"minecraft:experience_bottle":55,"minecraft:beetroot":15,"minecraft:cobbled_deepslate":65,"minecraft:spruce_planks":61,"minecraft:white_tulip":2,"minecraft:written_book":4,"minecraft:player_head":10,"minecraft:iron_pickaxe":2,"minecraft:sugar_cane":6,"minecraft:iron_boots":2,"minecraft:furnace":8,"minecraft:tipped_arrow":3,"minecraft:stick":10,"minecraft:raw_iron":68,"minecraft:torch":66,"minecraft:porkchop":1,"minecraft:cherry_log":2,"minecraft:pointed_dripstone":36,"minecraft:redstone":4,"minecraft:netherite_pickaxe":1,"minecraft:arrow":14,"minecraft:honey_bottle":3,"minecraft:rotten_flesh":2,"minecraft:cooked_cod":8,"minecraft:beetroot_seeds":1,"minecraft:obsidian":6,"minecraft:cobblestone":848,"minecraft:warped_fungus_on_a_stick":1,"minecraft:water_bucket":1,"minecraft:andesite":110,"minecraft:leather":2,"minecraft:smoker":2,"minecraft:flint":6,"minecraft:wooden_hoe":2,"minecraft:dirt":56,"minecraft:lantern":2,"minecraft:polished_granite":16,"minecraft:name_tag":5,"minecraft:leather_boots":1,"minecraft:hanging_roots":1,"minecraft:bone":25,"minecraft:stone_bricks":3,"minecraft:wheat_seeds":2,"minecraft:raw_gold":2,"minecraft:iron_ingot":1,"minecraft:mossy_stone_bricks":2,"minecraft:tall_grass":5,"minecraft:glass_bottle":1,"minecraft:polished_andesite_slab":1,"minecraft:iron_sword":5,"minecraft:cooked_porkchop":12,"minecraft:music_disc_13":1,"minecraft:sweet_berries":7,"minecraft:stone_brick_slab":3,"minecraft:dandelion":20,"minecraft:spyglass":2,"minecraft:gravel":36,"minecraft:stripped_spruce_log":12,"minecraft:spruce_sapling":12,"minecraft:blast_furnace":2,"minecraft:spruce_log":51,"minecraft:crying_obsidian":3,"minecraft:mossy_stone_brick_slab":1,"minecraft:spider_eye":1,"minecraft:barrel":1,"minecraft:mossy_cobblestone":1,"minecraft:diamond":6,"minecraft:stone_axe":1,"minecraft:iron_helmet":2,"minecraft:golden_apple":5,"minecraft:emerald":18,"minecraft:bread":96,"minecraft:netherrack":5,"minecraft:coal":148,"minecraft:diamond_pickaxe":2,"minecraft:ender_pearl":6},"minecraft:broken":{"minecraft:iron_sword":1,"minecraft:iron_pickaxe":2},"minecraft:killed":{"minecraft:spider":1,"minecraft:vindicator":4,"minecraft:skeleton":3,"minecraft:pig":3,"minecraft:zombie_villager":1,"minecraft:creeper":1,"minecraft:pillager":7,"minecraft:zombie":8},"minecraft:mined":{"minecraft:crying_obsidian":3,"minecraft:diamond_ore":3,"minecraft:tuff":2,"minecraft:mossy_cobblestone":1,"minecraft:mossy_stone_brick_slab":1,"minecraft:cherry_log":2,"minecraft:obsidian":6,"minecraft:grass_block":19,"minecraft:decorated_pot":1,"minecraft:polished_andesite_slab":1,"minecraft:spruce_leaves":53,"minecraft:chiseled_stone_bricks":2,"minecraft:furnace":5,"minecraft:carrots":1,"minecraft:iron_ore":59,"minecraft:barrel":8,"minecraft:fire":32,"minecraft:cobbled_deepslate":1,"minecraft:andesite":155,"minecraft:stripped_spruce_log":12,"minecraft:azure_bluet":1,"minecraft:gold_block":1,"minecraft:mossy_stone_brick_stairs":1,"minecraft:pointed_dripstone":12,"minecraft:deepslate_iron_ore":4,"minecraft:stone":777,"minecraft:player_head":2,"minecraft:red_bed":1,"minecraft:smoker":2,"minecraft:stone_brick_slab":2,"minecraft:dandelion":9,"minecraft:polished_granite":21,"minecraft:torch":6,"minecraft:crafting_table":1,"minecraft:blast_furnace":1,"minecraft:emerald_ore":4,"minecraft:copper_ore":42,"minecraft:cobblestone":11,"minecraft:sugar_cane":2,"minecraft:wall_torch":6,"minecraft:deepslate_copper_ore":5,"minecraft:spruce_log":37,"minecraft:sweet_berry_bush":3,"minecraft:birch_leaves":1,"minecraft:smooth_stone_slab":3,"minecraft:grass":32,"minecraft:coal_ore":58,"minecraft:beetroots":1,"minecraft:gravel":20,"minecraft:sunflower":4,"minecraft:dirt":36,"minecraft:dripstone_block":1,"minecraft:cobweb":1,"minecraft:cracked_stone_bricks":1,"minecraft:stone_bricks":7,"minecraft:polished_andesite":2,"minecraft:netherrack":5,"minecraft:mossy_stone_bricks":1,"minecraft:gold_ore":2,"minecraft:oak_leaves":1,"minecraft:deepslate":72},"minecraft:used":{"minecraft:cherry_sapling":1,"minecraft:writable_book":1,"minecraft:stone_sword":6,"minecraft:flint_and_steel":35,"minecraft:chest":6,"minecraft:shield":23,"minecraft:iron_sword":118,"minecraft:cooked_salmon":3,"minecraft:mossy_stone_brick_slab":1,"minecraft:player_head":1,"minecraft:torch":80,"minecraft:dirt":7,"minecraft:azure_bluet":1,"minecraft:obsidian":10,"minecraft:stone_brick_slab":2,"minecraft:iron_axe":51,"minecraft:bow":15,"minecraft:tall_grass":1,"minecraft:written_book":36,"minecraft:furnace":5,"minecraft:cooked_cod":4,"minecraft:cobbled_deepslate":2,"minecraft:cherry_log":2,"minecraft:hanging_roots":1,"minecraft:water_bucket":9,"minecraft:stone_pickaxe":12,"minecraft:wooden_pickaxe":41,"minecraft:mossy_cobblestone":1,"minecraft:crafting_table":3,"minecraft:red_bed":1,"minecraft:blast_furnace":1,"minecraft:smoker":2,"minecraft:crying_obsidian":1,"minecraft:iron_pickaxe":678,"minecraft:cornflower":1,"minecraft:diamond_pickaxe":552,"minecraft:gravel":1,"minecraft:spruce_sapling":9,"minecraft:suspicious_stew":3,"minecraft:sunflower":3,"minecraft:bread":47,"minecraft:stone_axe":12,"minecraft:potion":3,"minecraft:cobblestone":77,"minecraft:porkchop":1,"minecraft:cooked_porkchop":2,"minecraft:andesite":54,"minecraft:bucket":9,"minecraft:dandelion":9},"minecraft:crafted":{"minecraft:furnace":2,"minecraft:flint_and_steel":1,"minecraft:bow":1,"minecraft:iron_boots":1,"minecraft:stone_pickaxe":1,"minecraft:chest":6,"minecraft:crafting_table":3,"minecraft:spruce_planks":163,"minecraft:wooden_pickaxe":1,"minecraft:iron_helmet":1,"minecraft:iron_sword":1,"minecraft:stone_axe":1,"minecraft:knowledge_book":1,"minecraft:air":0,"minecraft:iron_chestplate":1,"minecraft:diamond_pickaxe":1,"minecraft:shield":1,"minecraft:stick":60,"minecraft:iron_ingot":95,"minecraft:iron_pickaxe":3,"minecraft:stone_sword":1,"minecraft:gold_ingot":9,"minecraft:torch":108},"minecraft:killed_by":{"minecraft:creeper":1,"minecraft:vindicator":1},"minecraft:custom":{"minecraft:mob_kills":32,"minecraft:animals_bred":1,"minecraft:interact_with_crafting_table":24,"minecraft:open_barrel":77,"minecraft:leave_game":5,"minecraft:time_since_death":104368,"minecraft:climb_one_cm":4613,"minecraft:sprint_one_cm":501753,"minecraft:walk_one_cm":532653,"minecraft:damage_blocked_by_shield":1440,"minecraft:drop":103,"minecraft:talked_to_villager":5,"minecraft:play_time":202688,"minecraft:sneak_time":4056,"minecraft:deaths":2,"minecraft:walk_under_water_one_cm":11772,"minecraft:jump":3741,"minecraft:interact_with_blast_furnace":10,"minecraft:walk_on_water_one_cm":43543,"minecraft:total_world_time":202688,"minecraft:interact_with_furnace":7,"minecraft:sleep_in_bed":7,"minecraft:time_since_rest":3771,"minecraft:damage_taken":2716,"minecraft:damage_dealt":5166,"minecraft:player_kills":1,"minecraft:swim_one_cm":34269,"minecraft:fly_one_cm":788952,"minecraft:open_chest":131,"minecraft:crouch_one_cm":10038,"minecraft:interact_with_smoker":1,"minecraft:fall_one_cm":86330},"minecraft:dropped":{"minecraft:bread":64,"minecraft:iron_ingot":24,"minecraft:iron_sword":3,"minecraft:netherite_pickaxe":1,"minecraft:lilac":6,"minecraft:glass_bottle":4,"minecraft:ender_pearl":6,"minecraft:iron_helmet":1,"minecraft:cobblestone":2,"minecraft:golden_apple":4,"minecraft:flint":2,"minecraft:stick":2,"minecraft:gold_block":2,"minecraft:dirt":8,"minecraft:red_bed":1,"minecraft:torch":16,"minecraft:wooden_hoe":2,"minecraft:cornflower":3,"minecraft:wooden_axe":1,"minecraft:iron_leggings":1,"minecraft:wither_rose":8,"minecraft:iron_axe":2,"minecraft:iron_pickaxe":1,"minecraft:string":3,"minecraft:dandelion":15,"minecraft:stone_brick_slab":1,"minecraft:pink_tulip":3,"minecraft:redstone":4,"minecraft:hanging_roots":4,"minecraft:gravel":1,"minecraft:white_tulip":3,"minecraft:stone_axe":1,"minecraft:sweet_berries":7,"minecraft:polished_andesite_slab":1,"minecraft:player_head":2,"minecraft:coarse_dirt":4,"minecraft:smooth_stone_slab":1,"minecraft:bowl":3,"minecraft:experience_bottle":46,"minecraft:tall_grass":9,"minecraft:beetroot":10,"minecraft:iron_boots":1,"minecraft:poppy":2,"minecraft:tipped_arrow":3,"minecraft:shield":1,"minecraft:allium":6,"minecraft:peony":2,"minecraft:spruce_planks":9,"minecraft:beetroot_seeds":1,"minecraft:diamond_pickaxe":1,"minecraft:iron_chestplate":1,"minecraft:andesite":8,"minecraft:mossy_stone_bricks":2,"minecraft:leather_boots":1,"minecraft:leather_leggings":1,"minecraft:stone_bricks":3,"minecraft:barrel":1,"minecraft:blue_orchid":2,"minecraft:wooden_pickaxe":2,"minecraft:red_tulip":2,"minecraft:written_book":3,"minecraft:polished_granite":14}},"DataVersion":3578}