{"stats":{"minecraft:used":{"minecraft:iron_shovel":760,"minecraft:shield":7,"minecraft:chest":8,"minecraft:iron_sword":44,"minecraft:rotten_flesh":6,"minecraft:torch":55,"minecraft:dirt":17,"minecraft:mutton":1,"minecraft:allium":4,"minecraft:big_dripleaf":3,"minecraft:spruce_boat":6,"minecraft:iron_hoe":100,"minecraft:iron_axe":23,"minecraft:bow":1,"minecraft:written_book":1,"minecraft:sweet_berries":40,"minecraft:furnace":2,"minecraft:egg":2,"minecraft:acacia_planks":1,"minecraft:dark_oak_sapling":3,"minecraft:wheat_seeds":48,"minecraft:cooked_mutton":7,"minecraft:water_bucket":17,"minecraft:stone_pickaxe":95,"minecraft:wooden_pickaxe":73,"minecraft:crafting_table":6,"minecraft:magenta_bed":5,"minecraft:crossbow":1,"minecraft:acacia_stairs":2,"minecraft:apple":2,"minecraft:bread":15,"minecraft:iron_pickaxe":362,"minecraft:spruce_sapling":2,"minecraft:gravel":4,"minecraft:stone_axe":80,"minecraft:cobblestone":48,"minecraft:bucket":18},"minecraft:crafted":{"minecraft:magenta_wool":3,"minecraft:furnace":2,"minecraft:cooked_mutton":8,"minecraft:iron_axe":1,"minecraft:iron_hoe":1,"minecraft:stone_pickaxe":1,"minecraft:chest":7,"minecraft:spruce_boat":1,"minecraft:magenta_dye":3,"minecraft:cooked_beef":10,"minecraft:magenta_bed":1,"minecraft:crafting_table":2,"minecraft:spruce_planks":132,"minecraft:wooden_pickaxe":1,"minecraft:iron_sword":1,"minecraft:bucket":1,"minecraft:stone_axe":1,"minecraft:air":0,"minecraft:iron_chestplate":1,"minecraft:shield":1,"minecraft:stick":44,"minecraft:iron_ingot":88,"minecraft:iron_pickaxe":2,"minecraft:iron_shovel":3,"minecraft:gold_ingot":4,"minecraft:torch":84},"minecraft:custom":{"minecraft:mob_kills":35,"minecraft:interact_with_crafting_table":20,"minecraft:open_barrel":13,"minecraft:leave_game":5,"minecraft:time_since_death":48290,"minecraft:sprint_one_cm":277052,"minecraft:walk_one_cm":482429,"minecraft:damage_blocked_by_shield":615,"minecraft:drop":6,"minecraft:play_time":152939,"minecraft:deaths":3,"minecraft:sneak_time":4783,"minecraft:walk_under_water_one_cm":3703,"minecraft:boat_one_cm":225535,"minecraft:jump":2333,"minecraft:walk_on_water_one_cm":22783,"minecraft:total_world_time":152939,"minecraft:interact_with_furnace":22,"minecraft:sleep_in_bed":13,"minecraft:time_since_rest":1873,"minecraft:damage_taken":2058,"minecraft:damage_dealt":5004,"minecraft:swim_one_cm":9178,"minecraft:fly_one_cm":1060877,"minecraft:open_chest":39,"minecraft:crouch_one_cm":10452,"minecraft:fall_one_cm":52088},"minecraft:mined":{"minecraft:glow_lichen":1,"minecraft:dark_oak_fence":4,"minecraft:allium":3,"minecraft:grass_block":753,"minecraft:decorated_pot":1,"minecraft:spruce_leaves":13,"minecraft:large_fern":1,"minecraft:iron_ore":79,"minecraft:barrel":3,"minecraft:acacia_stairs":2,"minecraft:andesite":14,"minecraft:deepslate_lapis_ore":8,"minecraft:deepslate_iron_ore":7,"minecraft:azalea_leaves":1,"minecraft:white_tulip":1,"minecraft:stone":191,"minecraft:crafting_table":5,"minecraft:torch":1,"minecraft:chest":1,"minecraft:stone_slab":9,"minecraft:tall_grass":4,"minecraft:copper_ore":2,"minecraft:lapis_ore":9,"minecraft:deepslate_gold_ore":3,"minecraft:ice":1,"minecraft:sweet_berry_bush":2,"minecraft:magenta_bed":4,"minecraft:spruce_log":49,"minecraft:grass":112,"minecraft:coal_ore":201,"minecraft:oak_log":4,"minecraft:gravel":14,"minecraft:dirt":21,"minecraft:acacia_planks":1,"minecraft:gold_ore":1,"minecraft:deepslate":1,"minecraft:fern":13},"minecraft:dropped":{"minecraft:crafting_table":1,"minecraft:crossbow":1,"minecraft:rotten_flesh":1,"minecraft:barrel":2,"minecraft:wooden_pickaxe":1},"minecraft:killed_by":{"minecraft:spider":1,"minecraft:pillager":1,"minecraft:skeleton":1},"minecraft:killed":{"minecraft:spider":4,"minecraft:skeleton":3,"minecraft:drowned":1,"minecraft:pig":5,"minecraft:sheep":7,"minecraft:pillager":3,"minecraft:zombie":5,"minecraft:cow":6},"minecraft:broken":{"minecraft:iron_shovel":3,"minecraft:wooden_pickaxe":1,"minecraft:iron_pickaxe":1},"minecraft:picked_up":{"minecraft:crafting_table":7,"minecraft:allium":18,"minecraft:stone_slab":9,"minecraft:brick":3,"minecraft:string":24,"minecraft:moss_carpet":21,"minecraft:raw_copper":14,"minecraft:experience_bottle":18,"minecraft:cobbled_deepslate":6,"minecraft:spruce_planks":113,"minecraft:beef":10,"minecraft:white_tulip":3,"minecraft:azalea":1,"minecraft:chest":1,"minecraft:egg":3,"minecraft:raw_iron":159,"minecraft:dark_oak_sapling":3,"minecraft:stick":18,"minecraft:big_dripleaf":3,"minecraft:copper_ingot":2,"minecraft:torch":1,"minecraft:porkchop":10,"minecraft:redstone":5,"minecraft:arrow":13,"minecraft:rotten_flesh":8,"minecraft:gold_ingot":4,"minecraft:glow_berries":2,"minecraft:mutton":12,"minecraft:white_wool":7,"minecraft:cobblestone":291,"minecraft:glow_ink_sac":6,"minecraft:andesite":30,"minecraft:leather":7,"minecraft:flint":1,"minecraft:oak_log":4,"minecraft:magenta_bed":4,"minecraft:gunpowder":6,"minecraft:lapis_lazuli":194,"minecraft:dirt":781,"minecraft:name_tag":1,"minecraft:cooked_mutton":2,"minecraft:acacia_planks":1,"minecraft:apple":2,"minecraft:bow":1,"minecraft:wheat_seeds":57,"minecraft:raw_gold":8,"minecraft:iron_ingot":9,"minecraft:sweet_berries":40,"minecraft:gravel":13,"minecraft:spruce_sapling":2,"minecraft:spruce_log":57,"minecraft:acacia_stairs":2,"minecraft:barrel":3,"minecraft:spider_eye":4,"minecraft:spruce_boat":6,"minecraft:crossbow":1,"minecraft:bread":8,"minecraft:emerald":13,"minecraft:plenty_pottery_sherd":1,"minecraft:dark_oak_fence":4,"minecraft:coal":418}},"DataVersion":3465}