{"stats":{"minecraft:picked_up":{"minecraft:leather_chestplate":1,"minecraft:cow_spawn_egg":2},"minecraft:custom":{"minecraft:jump":31,"minecraft:time_since_rest":7043,"minecraft:leave_game":1,"minecraft:sprint_one_cm":4543,"minecraft:play_time":7043,"minecraft:walk_on_water_one_cm":858,"minecraft:time_since_death":7043,"minecraft:walk_one_cm":1611,"minecraft:sneak_time":292,"minecraft:total_world_time":7043,"minecraft:fall_one_cm":476,"minecraft:fly_one_cm":57369,"minecraft:open_barrel":1},"minecraft:used":{"minecraft:cow_spawn_egg":1},"minecraft:mined":{"minecraft:barrel":1}},"DataVersion":3465}