{"stats":{"minecraft:used":{"minecraft:cooked_mutton":3,"minecraft:water_bucket":7,"minecraft:stone_pickaxe":95,"minecraft:chest":8,"minecraft:wooden_pickaxe":73,"minecraft:shield":7,"minecraft:iron_sword":35,"minecraft:rotten_flesh":3,"minecraft:torch":55,"minecraft:dirt":5,"minecraft:mutton":1,"minecraft:crafting_table":6,"minecraft:magenta_bed":5,"minecraft:crossbow":1,"minecraft:iron_hoe":100,"minecraft:big_dripleaf":3,"minecraft:spruce_boat":4,"minecraft:apple":2,"minecraft:iron_axe":1,"minecraft:bread":15,"minecraft:iron_pickaxe":245,"minecraft:spruce_sapling":2,"minecraft:gravel":4,"minecraft:cobblestone":48,"minecraft:stone_axe":80,"minecraft:sweet_berries":40,"minecraft:bow":1,"minecraft:written_book":1,"minecraft:furnace":2,"minecraft:bucket":7,"minecraft:egg":2},"minecraft:crafted":{"minecraft:magenta_wool":3,"minecraft:magenta_bed":1,"minecraft:crafting_table":2,"minecraft:spruce_planks":132,"minecraft:wooden_pickaxe":1,"minecraft:iron_sword":1,"minecraft:furnace":2,"minecraft:bucket":1,"minecraft:stone_axe":1,"minecraft:cooked_mutton":3,"minecraft:air":0,"minecraft:iron_chestplate":1,"minecraft:shield":1,"minecraft:iron_axe":1,"minecraft:iron_hoe":1,"minecraft:stick":44,"minecraft:iron_ingot":39,"minecraft:iron_pickaxe":1,"minecraft:stone_pickaxe":1,"minecraft:chest":7,"minecraft:spruce_boat":1,"minecraft:torch":84,"minecraft:magenta_dye":3},"minecraft:custom":{"minecraft:interact_with_furnace":17,"minecraft:mob_kills":17,"minecraft:interact_with_crafting_table":17,"minecraft:open_barrel":8,"minecraft:leave_game":5,"minecraft:time_since_death":6290,"minecraft:sleep_in_bed":10,"minecraft:time_since_rest":3041,"minecraft:sprint_one_cm":209189,"minecraft:damage_taken":1881,"minecraft:walk_one_cm":262958,"minecraft:damage_blocked_by_shield":615,"minecraft:drop":5,"minecraft:damage_dealt":2944,"minecraft:swim_one_cm":9178,"minecraft:fly_one_cm":677359,"minecraft:open_chest":21,"minecraft:crouch_one_cm":10193,"minecraft:play_time":110939,"minecraft:sneak_time":4561,"minecraft:deaths":3,"minecraft:walk_under_water_one_cm":3630,"minecraft:boat_one_cm":182873,"minecraft:jump":1908,"minecraft:walk_on_water_one_cm":17157,"minecraft:total_world_time":110939,"minecraft:fall_one_cm":46077},"minecraft:mined":{"minecraft:crafting_table":5,"minecraft:torch":1,"minecraft:dark_oak_fence":4,"minecraft:allium":3,"minecraft:grass_block":7,"minecraft:chest":1,"minecraft:copper_ore":1,"minecraft:tall_grass":1,"minecraft:spruce_leaves":13,"minecraft:deepslate_gold_ore":3,"minecraft:lapis_ore":9,"minecraft:large_fern":1,"minecraft:iron_ore":79,"minecraft:barrel":2,"minecraft:sweet_berry_bush":2,"minecraft:magenta_bed":4,"minecraft:spruce_log":49,"minecraft:andesite":14,"minecraft:deepslate_lapis_ore":8,"minecraft:grass":54,"minecraft:oak_log":4,"minecraft:coal_ore":198,"minecraft:deepslate_iron_ore":7,"minecraft:gravel":4,"minecraft:dirt":3,"minecraft:azalea_leaves":1,"minecraft:stone":90,"minecraft:gold_ore":1,"minecraft:deepslate":1,"minecraft:fern":6},"minecraft:dropped":{"minecraft:crafting_table":1,"minecraft:crossbow":1,"minecraft:rotten_flesh":1,"minecraft:barrel":1,"minecraft:wooden_pickaxe":1},"minecraft:killed_by":{"minecraft:skeleton":1,"minecraft:spider":1,"minecraft:pillager":1},"minecraft:killed":{"minecraft:spider":4,"minecraft:skeleton":3,"minecraft:sheep":3,"minecraft:pillager":2,"minecraft:zombie":3,"minecraft:drowned":1},"minecraft:broken":{"minecraft:wooden_pickaxe":1},"minecraft:picked_up":{"minecraft:crafting_table":7,"minecraft:allium":3,"minecraft:glow_ink_sac":6,"minecraft:andesite":30,"minecraft:oak_log":4,"minecraft:magenta_bed":4,"minecraft:gunpowder":6,"minecraft:lapis_lazuli":194,"minecraft:string":24,"minecraft:dirt":18,"minecraft:moss_carpet":21,"minecraft:raw_copper":10,"minecraft:name_tag":1,"minecraft:cooked_mutton":2,"minecraft:experience_bottle":18,"minecraft:apple":2,"minecraft:bow":1,"minecraft:wheat_seeds":13,"minecraft:cobbled_deepslate":6,"minecraft:raw_gold":8,"minecraft:spruce_planks":113,"minecraft:iron_ingot":9,"minecraft:azalea":1,"minecraft:chest":1,"minecraft:egg":2,"minecraft:dark_oak_sapling":3,"minecraft:stick":18,"minecraft:raw_iron":159,"minecraft:sweet_berries":40,"minecraft:big_dripleaf":3,"minecraft:copper_ingot":2,"minecraft:torch":1,"minecraft:gravel":4,"minecraft:spruce_sapling":2,"minecraft:spruce_log":57,"minecraft:redstone":5,"minecraft:spider_eye":4,"minecraft:barrel":2,"minecraft:arrow":11,"minecraft:rotten_flesh":5,"minecraft:spruce_boat":4,"minecraft:crossbow":1,"minecraft:emerald":13,"minecraft:gold_ingot":4,"minecraft:bread":8,"minecraft:glow_berries":2,"minecraft:dark_oak_fence":4,"minecraft:mutton":7,"minecraft:coal":415,"minecraft:white_wool":3,"minecraft:cobblestone":193}},"DataVersion":3465}