{"stats":{"minecraft:picked_up":{"minecraft:wooden_axe":1,"minecraft:iron_chestplate":2,"minecraft:crafting_table":1,"minecraft:azure_bluet":1,"minecraft:lead":6,"minecraft:wooden_pickaxe":1,"minecraft:wither_rose":8,"minecraft:gold_block":2,"minecraft:potion":2,"minecraft:shield":2,"minecraft:cornflower":1,"minecraft:string":72,"minecraft:red_bed":2,"minecraft:raw_copper":44,"minecraft:iron_axe":4,"minecraft:cooked_salmon":3,"minecraft:smooth_stone_slab":4,"minecraft:flint_and_steel":2,"minecraft:iron_leggings":4,"minecraft:experience_bottle":55,"minecraft:beetroot":15,"minecraft:spruce_planks":52,"minecraft:white_tulip":2,"minecraft:written_book":1,"minecraft:player_head":8,"minecraft:iron_pickaxe":2,"minecraft:sugar_cane":6,"minecraft:iron_boots":2,"minecraft:furnace":8,"minecraft:tipped_arrow":3,"minecraft:stick":10,"minecraft:raw_iron":17,"minecraft:torch":58,"minecraft:porkchop":1,"minecraft:honey_bottle":3,"minecraft:rotten_flesh":2,"minecraft:cooked_cod":8,"minecraft:cobblestone":597,"minecraft:warped_fungus_on_a_stick":1,"minecraft:water_bucket":1,"minecraft:andesite":76,"minecraft:leather":2,"minecraft:flint":4,"minecraft:wooden_hoe":2,"minecraft:dirt":21,"minecraft:lantern":2,"minecraft:polished_granite":16,"minecraft:name_tag":5,"minecraft:leather_boots":1,"minecraft:hanging_roots":1,"minecraft:bone":20,"minecraft:stone_bricks":3,"minecraft:wheat_seeds":2,"minecraft:iron_ingot":1,"minecraft:mossy_stone_bricks":2,"minecraft:tall_grass":5,"minecraft:polished_andesite_slab":1,"minecraft:iron_sword":4,"minecraft:cooked_porkchop":12,"minecraft:music_disc_13":1,"minecraft:sweet_berries":7,"minecraft:stone_brick_slab":3,"minecraft:dandelion":20,"minecraft:spyglass":2,"minecraft:gravel":1,"minecraft:stripped_spruce_log":12,"minecraft:spruce_sapling":12,"minecraft:blast_furnace":2,"minecraft:spruce_log":51,"minecraft:spider_eye":1,"minecraft:barrel":1,"minecraft:diamond":6,"minecraft:stone_axe":1,"minecraft:iron_helmet":2,"minecraft:golden_apple":4,"minecraft:bread":96,"minecraft:emerald":16,"minecraft:coal":142,"minecraft:ender_pearl":6,"minecraft:diamond_pickaxe":2},"minecraft:killed_by":{"minecraft:creeper":1,"minecraft:vindicator":1},"minecraft:mined":{"minecraft:diamond_ore":3,"minecraft:grass_block":6,"minecraft:polished_andesite_slab":1,"minecraft:spruce_leaves":53,"minecraft:chiseled_stone_bricks":2,"minecraft:furnace":5,"minecraft:fire":19,"minecraft:iron_ore":12,"minecraft:barrel":5,"minecraft:andesite":106,"minecraft:stripped_spruce_log":12,"minecraft:azure_bluet":1,"minecraft:stone":523,"minecraft:player_head":2,"minecraft:red_bed":1,"minecraft:stone_brick_slab":2,"minecraft:dandelion":9,"minecraft:polished_granite":21,"minecraft:crafting_table":1,"minecraft:blast_furnace":1,"minecraft:emerald_ore":4,"minecraft:copper_ore":12,"minecraft:cobblestone":6,"minecraft:sugar_cane":2,"minecraft:wall_torch":5,"minecraft:sweet_berry_bush":3,"minecraft:spruce_log":37,"minecraft:birch_leaves":1,"minecraft:smooth_stone_slab":3,"minecraft:grass":19,"minecraft:coal_ore":54,"minecraft:sunflower":2,"minecraft:gravel":1,"minecraft:dirt":4,"minecraft:cobweb":1,"minecraft:cracked_stone_bricks":1,"minecraft:polished_andesite":2,"minecraft:stone_bricks":7,"minecraft:mossy_stone_bricks":1,"minecraft:oak_leaves":1},"minecraft:broken":{"minecraft:iron_pickaxe":2},"minecraft:crafted":{"minecraft:furnace":2,"minecraft:flint_and_steel":1,"minecraft:iron_boots":1,"minecraft:stone_pickaxe":1,"minecraft:chest":6,"minecraft:crafting_table":3,"minecraft:spruce_planks":108,"minecraft:wooden_pickaxe":1,"minecraft:iron_helmet":1,"minecraft:stone_axe":1,"minecraft:knowledge_book":1,"minecraft:air":0,"minecraft:iron_chestplate":1,"minecraft:diamond_pickaxe":1,"minecraft:shield":1,"minecraft:stick":44,"minecraft:iron_ingot":21,"minecraft:iron_pickaxe":3,"minecraft:stone_sword":1,"minecraft:torch":92},"minecraft:killed":{"minecraft:vindicator":1,"minecraft:spider":1,"minecraft:pig":3,"minecraft:zombie_villager":1,"minecraft:pillager":1,"minecraft:zombie":1},"minecraft:custom":{"minecraft:mob_kills":12,"minecraft:animals_bred":1,"minecraft:interact_with_crafting_table":21,"minecraft:open_barrel":57,"minecraft:leave_game":1,"minecraft:time_since_death":11511,"minecraft:climb_one_cm":3030,"minecraft:sprint_one_cm":316923,"minecraft:walk_one_cm":324705,"minecraft:damage_blocked_by_shield":615,"minecraft:drop":65,"minecraft:talked_to_villager":4,"minecraft:play_time":109831,"minecraft:deaths":2,"minecraft:sneak_time":1342,"minecraft:walk_under_water_one_cm":5676,"minecraft:jump":2136,"minecraft:interact_with_blast_furnace":6,"minecraft:walk_on_water_one_cm":35846,"minecraft:total_world_time":109831,"minecraft:interact_with_furnace":7,"minecraft:sleep_in_bed":3,"minecraft:time_since_rest":11566,"minecraft:damage_taken":1415,"minecraft:damage_dealt":1285,"minecraft:player_kills":1,"minecraft:swim_one_cm":22398,"minecraft:fly_one_cm":427081,"minecraft:open_chest":70,"minecraft:crouch_one_cm":3685,"minecraft:interact_with_smoker":1,"minecraft:fall_one_cm":44356},"minecraft:used":{"minecraft:cherry_sapling":1,"minecraft:writable_book":1,"minecraft:stone_sword":6,"minecraft:flint_and_steel":20,"minecraft:chest":6,"minecraft:shield":9,"minecraft:iron_sword":31,"minecraft:cooked_salmon":3,"minecraft:player_head":1,"minecraft:torch":52,"minecraft:dirt":5,"minecraft:azure_bluet":1,"minecraft:stone_brick_slab":2,"minecraft:iron_axe":46,"minecraft:tall_grass":1,"minecraft:written_book":2,"minecraft:furnace":5,"minecraft:hanging_roots":1,"minecraft:stone_pickaxe":12,"minecraft:wooden_pickaxe":41,"minecraft:crafting_table":3,"minecraft:red_bed":1,"minecraft:blast_furnace":1,"minecraft:diamond_pickaxe":40,"minecraft:cornflower":1,"minecraft:sunflower":3,"minecraft:bread":20,"minecraft:suspicious_stew":3,"minecraft:iron_pickaxe":678,"minecraft:spruce_sapling":9,"minecraft:stone_axe":12,"minecraft:cobblestone":36,"minecraft:porkchop":1,"minecraft:andesite":47,"minecraft:dandelion":9},"minecraft:dropped":{"minecraft:bread":64,"minecraft:iron_ingot":24,"minecraft:iron_sword":2,"minecraft:lilac":6,"minecraft:ender_pearl":6,"minecraft:iron_helmet":1,"minecraft:golden_apple":4,"minecraft:stick":2,"minecraft:gold_block":2,"minecraft:red_bed":1,"minecraft:torch":16,"minecraft:wooden_hoe":2,"minecraft:wooden_axe":1,"minecraft:iron_leggings":1,"minecraft:wither_rose":8,"minecraft:iron_axe":2,"minecraft:string":3,"minecraft:stone_brick_slab":1,"minecraft:dandelion":15,"minecraft:hanging_roots":4,"minecraft:pink_tulip":3,"minecraft:white_tulip":3,"minecraft:stone_axe":1,"minecraft:sweet_berries":7,"minecraft:player_head":2,"minecraft:bowl":3,"minecraft:experience_bottle":46,"minecraft:tall_grass":9,"minecraft:beetroot":10,"minecraft:iron_boots":1,"minecraft:poppy":2,"minecraft:tipped_arrow":3,"minecraft:shield":1,"minecraft:allium":3,"minecraft:diamond_pickaxe":1,"minecraft:iron_chestplate":1,"minecraft:andesite":6,"minecraft:leather_boots":1,"minecraft:barrel":1,"minecraft:blue_orchid":2,"minecraft:wooden_pickaxe":2,"minecraft:red_tulip":2}},"DataVersion":3578}