{"stats":{"minecraft:picked_up":{"minecraft:crafting_table":1,"minecraft:azure_bluet":1,"minecraft:lead":6,"minecraft:potion":1,"minecraft:cornflower":1,"minecraft:string":34,"minecraft:red_bed":2,"minecraft:raw_copper":44,"minecraft:iron_axe":2,"minecraft:cooked_salmon":3,"minecraft:smooth_stone_slab":3,"minecraft:flint_and_steel":1,"minecraft:iron_leggings":2,"minecraft:experience_bottle":9,"minecraft:beetroot":12,"minecraft:spruce_planks":35,"minecraft:white_tulip":2,"minecraft:written_book":1,"minecraft:player_head":8,"minecraft:iron_pickaxe":1,"minecraft:sugar_cane":6,"minecraft:furnace":8,"minecraft:stick":4,"minecraft:raw_iron":8,"minecraft:porkchop":1,"minecraft:honey_bottle":3,"minecraft:rotten_flesh":2,"minecraft:cooked_cod":4,"minecraft:cobblestone":216,"minecraft:warped_fungus_on_a_stick":1,"minecraft:andesite":68,"minecraft:leather":2,"minecraft:flint":4,"minecraft:wooden_hoe":2,"minecraft:dirt":13,"minecraft:lantern":2,"minecraft:name_tag":5,"minecraft:hanging_roots":1,"minecraft:bone":20,"minecraft:wheat_seeds":2,"minecraft:iron_ingot":1,"minecraft:tall_grass":5,"minecraft:iron_sword":2,"minecraft:cooked_porkchop":10,"minecraft:sweet_berries":7,"minecraft:stone_brick_slab":2,"minecraft:dandelion":20,"minecraft:spyglass":2,"minecraft:stripped_spruce_log":12,"minecraft:spruce_sapling":12,"minecraft:blast_furnace":2,"minecraft:spruce_log":37,"minecraft:barrel":1,"minecraft:diamond":6,"minecraft:stone_axe":1,"minecraft:bread":14,"minecraft:emerald":13,"minecraft:coal":67},"minecraft:killed_by":{"minecraft:vindicator":1},"minecraft:mined":{"minecraft:diamond_ore":3,"minecraft:grass_block":6,"minecraft:spruce_leaves":53,"minecraft:furnace":5,"minecraft:fire":16,"minecraft:iron_ore":4,"minecraft:barrel":4,"minecraft:andesite":103,"minecraft:stripped_spruce_log":12,"minecraft:azure_bluet":1,"minecraft:stone":201,"minecraft:player_head":2,"minecraft:red_bed":1,"minecraft:stone_brick_slab":2,"minecraft:dandelion":9,"minecraft:crafting_table":1,"minecraft:blast_furnace":1,"minecraft:emerald_ore":3,"minecraft:copper_ore":12,"minecraft:cobblestone":1,"minecraft:sugar_cane":2,"minecraft:sweet_berry_bush":3,"minecraft:spruce_log":37,"minecraft:birch_leaves":1,"minecraft:smooth_stone_slab":3,"minecraft:grass":19,"minecraft:coal_ore":36,"minecraft:sunflower":2,"minecraft:gravel":1,"minecraft:dirt":4,"minecraft:cobweb":1,"minecraft:stone_bricks":4,"minecraft:mossy_stone_bricks":1,"minecraft:oak_leaves":1},"minecraft:broken":{"minecraft:iron_pickaxe":1},"minecraft:crafted":{"minecraft:furnace":2,"minecraft:flint_and_steel":1,"minecraft:stone_pickaxe":1,"minecraft:chest":6,"minecraft:crafting_table":3,"minecraft:spruce_planks":108,"minecraft:wooden_pickaxe":1,"minecraft:stone_axe":1,"minecraft:knowledge_book":1,"minecraft:air":0,"minecraft:shield":1,"minecraft:stick":44,"minecraft:iron_ingot":4,"minecraft:iron_pickaxe":2,"minecraft:stone_sword":1,"minecraft:torch":64},"minecraft:killed":{"minecraft:pig":3,"minecraft:zombie_villager":1},"minecraft:custom":{"minecraft:mob_kills":8,"minecraft:animals_bred":1,"minecraft:interact_with_crafting_table":18,"minecraft:open_barrel":54,"minecraft:time_since_death":45178,"minecraft:climb_one_cm":3030,"minecraft:sprint_one_cm":270350,"minecraft:walk_one_cm":256117,"minecraft:drop":39,"minecraft:talked_to_villager":4,"minecraft:play_time":83113,"minecraft:deaths":1,"minecraft:sneak_time":899,"minecraft:walk_under_water_one_cm":1754,"minecraft:jump":1748,"minecraft:interact_with_blast_furnace":1,"minecraft:walk_on_water_one_cm":5871,"minecraft:total_world_time":83113,"minecraft:interact_with_furnace":6,"minecraft:sleep_in_bed":2,"minecraft:time_since_rest":2833,"minecraft:damage_taken":754,"minecraft:damage_dealt":576,"minecraft:swim_one_cm":14941,"minecraft:fly_one_cm":396727,"minecraft:open_chest":32,"minecraft:crouch_one_cm":2397,"minecraft:fall_one_cm":41099},"minecraft:used":{"minecraft:cherry_sapling":1,"minecraft:writable_book":1,"minecraft:stone_sword":6,"minecraft:flint_and_steel":17,"minecraft:chest":6,"minecraft:iron_sword":18,"minecraft:cooked_salmon":3,"minecraft:player_head":1,"minecraft:torch":9,"minecraft:dirt":5,"minecraft:azure_bluet":1,"minecraft:stone_brick_slab":2,"minecraft:iron_axe":45,"minecraft:tall_grass":1,"minecraft:written_book":2,"minecraft:furnace":5,"minecraft:hanging_roots":1,"minecraft:stone_pickaxe":12,"minecraft:wooden_pickaxe":41,"minecraft:crafting_table":3,"minecraft:red_bed":1,"minecraft:blast_furnace":1,"minecraft:cornflower":1,"minecraft:bread":12,"minecraft:suspicious_stew":3,"minecraft:iron_pickaxe":331,"minecraft:spruce_sapling":9,"minecraft:stone_axe":12,"minecraft:cobblestone":4,"minecraft:porkchop":1,"minecraft:andesite":37,"minecraft:dandelion":9},"minecraft:dropped":{"minecraft:iron_sword":1,"minecraft:lilac":6,"minecraft:stick":2,"minecraft:red_bed":1,"minecraft:wooden_hoe":2,"minecraft:iron_axe":1,"minecraft:dandelion":15,"minecraft:hanging_roots":4,"minecraft:pink_tulip":3,"minecraft:white_tulip":3,"minecraft:stone_axe":1,"minecraft:sweet_berries":7,"minecraft:player_head":2,"minecraft:bowl":3,"minecraft:tall_grass":9,"minecraft:beetroot":7,"minecraft:poppy":2,"minecraft:allium":3,"minecraft:barrel":1,"minecraft:blue_orchid":2,"minecraft:wooden_pickaxe":1,"minecraft:red_tulip":2}},"DataVersion":3578}