{"stats":{"minecraft:picked_up":{"minecraft:wooden_axe":2,"minecraft:crafting_table":10,"minecraft:iron_chestplate":1,"minecraft:coarse_dirt":6,"minecraft:wheat":48,"minecraft:chicken":2,"minecraft:lead":4,"minecraft:wooden_pickaxe":2,"minecraft:wither_rose":8,"minecraft:gold_block":4,"minecraft:shield":1,"minecraft:cornflower":1,"minecraft:string":6,"minecraft:iron_axe":1,"minecraft:smooth_stone_slab":4,"minecraft:iron_leggings":1,"minecraft:experience_bottle":46,"minecraft:cracked_stone_bricks":3,"minecraft:beef":14,"minecraft:player_head":1,"minecraft:furnace":4,"minecraft:iron_boots":1,"minecraft:egg":3,"minecraft:tipped_arrow":3,"minecraft:raw_iron":22,"minecraft:torch":24,"minecraft:porkchop":3,"minecraft:arrow":4,"minecraft:hay_block":16,"minecraft:mangrove_roots":2,"minecraft:cobblestone":43,"minecraft:andesite":12,"minecraft:leather":10,"minecraft:acacia_wood":1,"minecraft:cobblestone_stairs":1,"minecraft:dirt":2,"minecraft:blue_bed":1,"minecraft:polished_granite":2,"minecraft:leather_boots":1,"minecraft:bone":4,"minecraft:stone_bricks":17,"minecraft:wheat_seeds":204,"minecraft:mossy_stone_bricks":4,"minecraft:bamboo":4,"minecraft:iron_sword":1,"minecraft:book":66,"minecraft:sweet_berries":6,"minecraft:chiseled_stone_bricks":1,"minecraft:stone_brick_slab":12,"minecraft:dandelion":2,"minecraft:gravel":8,"minecraft:spruce_log":18,"minecraft:diamond":4,"minecraft:iron_helmet":3,"minecraft:emerald":3,"minecraft:golden_apple":4,"minecraft:bread":64,"minecraft:coal":41,"minecraft:ender_pearl":6,"minecraft:diamond_pickaxe":1},"minecraft:killed_by":{"minecraft:creeper":1},"minecraft:mined":{"minecraft:diamond_ore":4,"minecraft:mossy_cobblestone":1,"minecraft:mangrove_roots":2,"minecraft:chiseled_bookshelf":2,"minecraft:grass_block":1,"minecraft:spruce_leaves":17,"minecraft:large_fern":1,"minecraft:hay_block":17,"minecraft:furnace":2,"minecraft:iron_ore":22,"minecraft:acacia_wood":1,"minecraft:andesite":3,"minecraft:bookshelf":22,"minecraft:bamboo":1,"minecraft:stone":38,"minecraft:stone_brick_slab":5,"minecraft:dandelion":1,"minecraft:polished_granite":4,"minecraft:crafting_table":10,"minecraft:cornflower":1,"minecraft:torch":1,"minecraft:emerald_ore":1,"minecraft:cobblestone":8,"minecraft:blue_bed":1,"minecraft:wheat":48,"minecraft:sweet_berry_bush":2,"minecraft:spruce_log":18,"minecraft:grass":11,"minecraft:coal_ore":42,"minecraft:gravel":3,"minecraft:cobweb":5,"minecraft:cracked_stone_bricks":4,"minecraft:polished_andesite":2,"minecraft:stone_bricks":16,"minecraft:mossy_stone_bricks":3,"minecraft:oak_leaves":2,"minecraft:suspicious_gravel":1},"minecraft:crafted":{"minecraft:cooked_chicken":2,"minecraft:furnace":2,"minecraft:bow":1,"minecraft:iron_axe":1,"minecraft:stone_pickaxe":1,"minecraft:spruce_boat":3,"minecraft:wheat":144,"minecraft:crafting_table":1,"minecraft:spruce_planks":72,"minecraft:wooden_pickaxe":1,"minecraft:bread":70,"minecraft:air":0,"minecraft:shield":1,"minecraft:stick":16,"minecraft:iron_ingot":17,"minecraft:iron_pickaxe":1,"minecraft:torch":16},"minecraft:killed":{"minecraft:skeleton":3,"minecraft:chicken":2,"minecraft:pig":3,"minecraft:creeper":1,"minecraft:pillager":3,"minecraft:zombie":1,"minecraft:cow":6},"minecraft:used":{"minecraft:shield":3,"minecraft:iron_sword":17,"minecraft:cooked_chicken":2,"minecraft:torch":24,"minecraft:spruce_boat":3,"minecraft:stone_brick_slab":3,"minecraft:iron_axe":77,"minecraft:mangrove_roots":2,"minecraft:furnace":4,"minecraft:cooked_cod":1,"minecraft:acacia_wood":1,"minecraft:stone_pickaxe":47,"minecraft:wooden_pickaxe":4,"minecraft:cracked_stone_bricks":2,"minecraft:crafting_table":10,"minecraft:diamond_pickaxe":35,"minecraft:bread":26,"minecraft:map":2,"minecraft:iron_pickaxe":88,"minecraft:gravel":1,"minecraft:chiseled_stone_bricks":1,"minecraft:cobblestone":15,"minecraft:andesite":2,"minecraft:pumpkin_pie":7,"minecraft:experience_bottle":3},"minecraft:custom":{"minecraft:mob_kills":19,"minecraft:interact_with_crafting_table":14,"minecraft:open_barrel":11,"minecraft:time_since_death":8807,"minecraft:climb_one_cm":7167,"minecraft:sprint_one_cm":279504,"minecraft:walk_one_cm":152592,"minecraft:damage_blocked_by_shield":180,"minecraft:drop":45,"minecraft:talked_to_villager":3,"minecraft:play_time":90325,"minecraft:deaths":1,"minecraft:sneak_time":2961,"minecraft:walk_under_water_one_cm":6997,"minecraft:boat_one_cm":357705,"minecraft:jump":2135,"minecraft:interact_with_blast_furnace":1,"minecraft:walk_on_water_one_cm":39950,"minecraft:total_world_time":90325,"minecraft:interact_with_furnace":13,"minecraft:sleep_in_bed":1,"minecraft:time_since_rest":8848,"minecraft:damage_taken":1185,"minecraft:damage_dealt":2440,"minecraft:swim_one_cm":43306,"minecraft:fly_one_cm":433692,"minecraft:open_chest":76,"minecraft:crouch_one_cm":7029,"minecraft:fall_one_cm":60159,"minecraft:horse_one_cm":312596},"minecraft:dropped":{"minecraft:porkchop":3,"minecraft:wheat_seeds":117,"minecraft:iron_helmet":3,"minecraft:cracked_stone_bricks":1,"minecraft:cobweb":2,"minecraft:gold_block":2,"minecraft:dirt":2,"minecraft:cornflower":1,"minecraft:wooden_axe":1,"minecraft:map":2,"minecraft:string":12,"minecraft:dandelion":2,"minecraft:stone_brick_slab":3,"minecraft:redstone":2,"minecraft:gravel":4,"minecraft:furnace":2,"minecraft:compass":1,"minecraft:player_head":1,"minecraft:smooth_stone_slab":4,"minecraft:filled_map":1,"minecraft:andesite":9,"minecraft:mossy_stone_bricks":2,"minecraft:leather_boots":1,"minecraft:stone_bricks":3,"minecraft:stone_pickaxe":1,"minecraft:beef":14,"minecraft:wooden_pickaxe":2,"minecraft:written_book":2,"minecraft:polished_granite":2}},"DataVersion":3578}