{"stats":{"minecraft:picked_up":{"minecraft:crafting_table":7,"minecraft:wheat":48,"minecraft:chicken":2,"minecraft:andesite":3,"minecraft:leather":10,"minecraft:acacia_wood":1,"minecraft:cornflower":1,"minecraft:dirt":2,"minecraft:bone":2,"minecraft:wheat_seeds":203,"minecraft:beef":14,"minecraft:bamboo":4,"minecraft:egg":3,"minecraft:furnace":4,"minecraft:book":60,"minecraft:raw_iron":20,"minecraft:dandelion":2,"minecraft:gravel":1,"minecraft:porkchop":3,"minecraft:spruce_log":18,"minecraft:arrow":2,"minecraft:hay_block":6,"minecraft:mangrove_roots":2,"minecraft:emerald":3,"minecraft:cobblestone":27,"minecraft:coal":24},"minecraft:mined":{"minecraft:mangrove_roots":2,"minecraft:dandelion":1,"minecraft:cornflower":1,"minecraft:crafting_table":7,"minecraft:chiseled_bookshelf":2,"minecraft:emerald_ore":1,"minecraft:grass_block":1,"minecraft:cobblestone":1,"minecraft:spruce_leaves":15,"minecraft:large_fern":1,"minecraft:hay_block":6,"minecraft:furnace":2,"minecraft:acacia_wood":1,"minecraft:wheat":48,"minecraft:iron_ore":20,"minecraft:spruce_log":18,"minecraft:andesite":3,"minecraft:grass":10,"minecraft:bookshelf":20,"minecraft:coal_ore":24,"minecraft:gravel":1,"minecraft:bamboo":1,"minecraft:stone":26,"minecraft:oak_leaves":2,"minecraft:suspicious_gravel":1},"minecraft:crafted":{"minecraft:crafting_table":1,"minecraft:spruce_planks":72,"minecraft:wooden_pickaxe":1,"minecraft:cooked_chicken":2,"minecraft:furnace":2,"minecraft:bread":40,"minecraft:air":0,"minecraft:bow":1,"minecraft:shield":1,"minecraft:iron_axe":1,"minecraft:stick":8,"minecraft:iron_ingot":17,"minecraft:iron_pickaxe":1,"minecraft:stone_pickaxe":1,"minecraft:spruce_boat":2,"minecraft:wheat":54},"minecraft:killed":{"minecraft:pig":3,"minecraft:creeper":1,"minecraft:skeleton":1,"minecraft:pillager":2,"minecraft:zombie":1,"minecraft:chicken":2,"minecraft:cow":6},"minecraft:used":{"minecraft:stone_pickaxe":47,"minecraft:wooden_pickaxe":4,"minecraft:shield":3,"minecraft:cooked_chicken":2,"minecraft:crafting_table":7,"minecraft:spruce_boat":2,"minecraft:iron_axe":66,"minecraft:bread":7,"minecraft:iron_pickaxe":33,"minecraft:map":1,"minecraft:cobblestone":3,"minecraft:mangrove_roots":2,"minecraft:furnace":2,"minecraft:cooked_cod":1,"minecraft:acacia_wood":1,"minecraft:experience_bottle":3},"minecraft:custom":{"minecraft:interact_with_furnace":13,"minecraft:mob_kills":16,"minecraft:interact_with_crafting_table":10,"minecraft:open_barrel":5,"minecraft:time_since_death":30325,"minecraft:sleep_in_bed":1,"minecraft:climb_one_cm":5513,"minecraft:time_since_rest":19611,"minecraft:sprint_one_cm":114437,"minecraft:damage_taken":380,"minecraft:walk_one_cm":49387,"minecraft:damage_blocked_by_shield":180,"minecraft:drop":19,"minecraft:damage_dealt":2060,"minecraft:swim_one_cm":25038,"minecraft:fly_one_cm":183528,"minecraft:open_chest":15,"minecraft:crouch_one_cm":3853,"minecraft:play_time":30325,"minecraft:sneak_time":2052,"minecraft:walk_under_water_one_cm":1774,"minecraft:boat_one_cm":94738,"minecraft:jump":875,"minecraft:walk_on_water_one_cm":3569,"minecraft:total_world_time":30325,"minecraft:fall_one_cm":27019},"minecraft:dropped":{"minecraft:furnace":2,"minecraft:wheat_seeds":117,"minecraft:cobweb":2,"minecraft:dirt":2,"minecraft:cornflower":1,"minecraft:andesite":3,"minecraft:map":2,"minecraft:stone_pickaxe":1,"minecraft:wooden_pickaxe":1,"minecraft:written_book":1,"minecraft:dandelion":2,"minecraft:redstone":2}},"DataVersion":3578}