{"stats":{"minecraft:picked_up":{"minecraft:book":54,"minecraft:crafting_table":3,"minecraft:raw_iron":17,"minecraft:chicken":2,"minecraft:andesite":3,"minecraft:leather":4,"minecraft:dandelion":2,"minecraft:porkchop":2,"minecraft:spruce_log":18,"minecraft:dirt":2,"minecraft:hay_block":6,"minecraft:beef":5,"minecraft:emerald":1,"minecraft:coal":6,"minecraft:furnace":2,"minecraft:cobblestone":22,"minecraft:egg":3},"minecraft:mined":{"minecraft:hay_block":6,"minecraft:furnace":2,"minecraft:iron_ore":17,"minecraft:spruce_log":18,"minecraft:andesite":3,"minecraft:dandelion":1,"minecraft:crafting_table":3,"minecraft:chiseled_bookshelf":2,"minecraft:grass":3,"minecraft:emerald_ore":1,"minecraft:bookshelf":18,"minecraft:grass_block":1,"minecraft:coal_ore":6,"minecraft:spruce_leaves":15,"minecraft:stone":22},"minecraft:crafted":{"minecraft:shield":1,"minecraft:iron_axe":1,"minecraft:stick":8,"minecraft:crafting_table":1,"minecraft:spruce_planks":28,"minecraft:iron_pickaxe":1,"minecraft:iron_ingot":17,"minecraft:cooked_chicken":2,"minecraft:wooden_pickaxe":1,"minecraft:stone_pickaxe":1,"minecraft:furnace":2,"minecraft:air":0},"minecraft:killed":{"minecraft:pig":2,"minecraft:chicken":2,"minecraft:creeper":1,"minecraft:cow":2},"minecraft:used":{"minecraft:iron_axe":36,"minecraft:stone_pickaxe":47,"minecraft:iron_pickaxe":7,"minecraft:wooden_pickaxe":4,"minecraft:cooked_chicken":2,"minecraft:crafting_table":3,"minecraft:furnace":2,"minecraft:experience_bottle":3},"minecraft:custom":{"minecraft:time_since_rest":1611,"minecraft:interact_with_furnace":13,"minecraft:sprint_one_cm":44386,"minecraft:damage_taken":30,"minecraft:walk_one_cm":23115,"minecraft:mob_kills":7,"minecraft:drop":8,"minecraft:damage_dealt":680,"minecraft:swim_one_cm":3137,"minecraft:interact_with_crafting_table":6,"minecraft:fly_one_cm":67222,"minecraft:open_barrel":5,"minecraft:open_chest":7,"minecraft:crouch_one_cm":3607,"minecraft:play_time":12325,"minecraft:sneak_time":1903,"minecraft:walk_under_water_one_cm":227,"minecraft:jump":324,"minecraft:walk_on_water_one_cm":597,"minecraft:time_since_death":12325,"minecraft:sleep_in_bed":1,"minecraft:total_world_time":12325,"minecraft:fall_one_cm":8199},"minecraft:dropped":{"minecraft:dirt":2,"minecraft:andesite":3,"minecraft:wooden_pickaxe":1,"minecraft:stone_pickaxe":1,"minecraft:dandelion":2}},"DataVersion":3578}