{"stats":{"minecraft:picked_up":{"minecraft:wooden_axe":2,"minecraft:crafting_table":11,"minecraft:iron_chestplate":2,"minecraft:coarse_dirt":6,"minecraft:wheat":48,"minecraft:chicken":2,"minecraft:structure_block":2,"minecraft:lead":4,"minecraft:wooden_pickaxe":2,"minecraft:wither_rose":16,"minecraft:gold_block":7,"minecraft:shield":2,"minecraft:cornflower":1,"minecraft:string":14,"minecraft:iron_axe":2,"minecraft:smooth_stone_slab":4,"minecraft:iron_leggings":2,"minecraft:experience_bottle":92,"minecraft:cracked_stone_bricks":10,"minecraft:spruce_planks":3,"minecraft:beef":14,"minecraft:player_head":3,"minecraft:furnace":4,"minecraft:iron_boots":2,"minecraft:egg":3,"minecraft:tipped_arrow":6,"minecraft:stick":4,"minecraft:raw_iron":28,"minecraft:torch":25,"minecraft:spruce_stairs":3,"minecraft:porkchop":3,"minecraft:iron_horse_armor":1,"minecraft:arrow":12,"minecraft:honey_bottle":3,"minecraft:hay_block":16,"minecraft:mangrove_roots":2,"minecraft:cod":2,"minecraft:cobblestone":46,"minecraft:andesite":12,"minecraft:leather":10,"minecraft:acacia_wood":1,"minecraft:filled_map":1,"minecraft:gunpowder":4,"minecraft:cobblestone_stairs":1,"minecraft:dirt":11,"minecraft:blue_bed":1,"minecraft:lantern":2,"minecraft:polished_granite":2,"minecraft:leather_boots":1,"minecraft:bone":32,"minecraft:stone_bricks":17,"minecraft:wheat_seeds":204,"minecraft:spruce_wood":5,"minecraft:mossy_stone_bricks":4,"minecraft:bamboo":4,"minecraft:honeycomb":6,"minecraft:iron_sword":2,"minecraft:book":66,"minecraft:scaffolding":40,"minecraft:sweet_berries":10,"minecraft:chiseled_stone_bricks":1,"minecraft:stone_brick_slab":12,"minecraft:dandelion":2,"minecraft:sand":82,"minecraft:gravel":8,"minecraft:spruce_log":27,"minecraft:diamond":7,"minecraft:iron_helmet":4,"minecraft:emerald":8,"minecraft:golden_apple":8,"minecraft:bread":125,"minecraft:dark_oak_fence":2,"minecraft:coal":61,"minecraft:ender_pearl":12,"minecraft:diamond_pickaxe":2},"minecraft:killed_by":{"minecraft:creeper":1,"minecraft:vindicator":1},"minecraft:mined":{"minecraft:diamond_ore":7,"minecraft:spruce_planks":3,"minecraft:mossy_cobblestone":1,"minecraft:mangrove_roots":2,"minecraft:dark_oak_fence":2,"minecraft:chiseled_bookshelf":2,"minecraft:grass_block":9,"minecraft:spruce_leaves":17,"minecraft:large_fern":5,"minecraft:hay_block":17,"minecraft:furnace":2,"minecraft:iron_ore":27,"minecraft:acacia_wood":1,"minecraft:andesite":3,"minecraft:gold_block":1,"minecraft:bookshelf":22,"minecraft:vine":1,"minecraft:packed_ice":8,"minecraft:spruce_wood":5,"minecraft:bamboo":1,"minecraft:stone":41,"minecraft:scaffolding":34,"minecraft:stone_brick_slab":5,"minecraft:powder_snow":2,"minecraft:dandelion":1,"minecraft:polished_granite":4,"minecraft:crafting_table":11,"minecraft:cornflower":1,"minecraft:torch":1,"minecraft:emerald_ore":1,"minecraft:cobblestone":8,"minecraft:blue_bed":1,"minecraft:spruce_stairs":2,"minecraft:wheat":48,"minecraft:sweet_berry_bush":5,"minecraft:spruce_log":27,"minecraft:grass":11,"minecraft:coal_ore":62,"minecraft:sand":88,"minecraft:dirt":1,"minecraft:gravel":4,"minecraft:cobweb":5,"minecraft:cracked_stone_bricks":4,"minecraft:polished_andesite":2,"minecraft:stone_bricks":16,"minecraft:mossy_stone_bricks":3,"minecraft:oak_leaves":2,"minecraft:suspicious_gravel":1},"minecraft:crafted":{"minecraft:cooked_chicken":2,"minecraft:furnace":2,"minecraft:bow":1,"minecraft:iron_axe":1,"minecraft:stone_pickaxe":1,"minecraft:spruce_boat":4,"minecraft:dark_oak_planks":4,"minecraft:wheat":144,"minecraft:crafting_table":3,"minecraft:spruce_planks":128,"minecraft:wooden_pickaxe":1,"minecraft:bread":70,"minecraft:air":0,"minecraft:shield":1,"minecraft:stick":56,"minecraft:iron_ingot":17,"minecraft:iron_pickaxe":1,"minecraft:iron_shovel":2,"minecraft:torch":16},"minecraft:killed":{"minecraft:spider":2,"minecraft:skeleton":3,"minecraft:chicken":2,"minecraft:pig":3,"minecraft:creeper":1,"minecraft:polar_bear":1,"minecraft:pillager":9,"minecraft:zombie":3,"minecraft:cow":6},"minecraft:used":{"minecraft:iron_shovel":88,"minecraft:spruce_planks":30,"minecraft:shield":5,"minecraft:iron_sword":71,"minecraft:cooked_chicken":2,"minecraft:torch":24,"minecraft:dirt":8,"minecraft:spruce_boat":4,"minecraft:stone_brick_slab":3,"minecraft:iron_axe":141,"minecraft:mangrove_roots":2,"minecraft:goat_horn":14,"minecraft:furnace":4,"minecraft:cooked_cod":1,"minecraft:acacia_wood":1,"minecraft:mossy_stone_bricks":2,"minecraft:stone_pickaxe":47,"minecraft:wooden_pickaxe":4,"minecraft:cracked_stone_bricks":2,"minecraft:crafting_table":12,"minecraft:diamond_pickaxe":81,"minecraft:bread":66,"minecraft:map":2,"minecraft:iron_pickaxe":88,"minecraft:gravel":3,"minecraft:chiseled_stone_bricks":1,"minecraft:cobblestone":18,"minecraft:andesite":2,"minecraft:pumpkin_pie":7,"minecraft:experience_bottle":3},"minecraft:custom":{"minecraft:interact_with_smithing_table":2,"minecraft:mob_kills":31,"minecraft:interact_with_crafting_table":17,"minecraft:open_barrel":47,"minecraft:time_since_death":53278,"minecraft:climb_one_cm":7873,"minecraft:sprint_one_cm":464876,"minecraft:walk_one_cm":223557,"minecraft:damage_blocked_by_shield":315,"minecraft:drop":73,"minecraft:talked_to_villager":3,"minecraft:play_time":144325,"minecraft:deaths":2,"minecraft:sneak_time":4115,"minecraft:walk_under_water_one_cm":21710,"minecraft:boat_one_cm":382614,"minecraft:interact_with_brewingstand":1,"minecraft:jump":4348,"minecraft:interact_with_blast_furnace":1,"minecraft:walk_on_water_one_cm":72798,"minecraft:total_world_time":144325,"minecraft:interact_with_furnace":13,"minecraft:sleep_in_bed":1,"minecraft:time_since_rest":53316,"minecraft:damage_taken":2740,"minecraft:damage_dealt":5131,"minecraft:swim_one_cm":110760,"minecraft:fly_one_cm":1092654,"minecraft:open_chest":91,"minecraft:crouch_one_cm":9061,"minecraft:fall_one_cm":117548,"minecraft:horse_one_cm":312596},"minecraft:dropped":{"minecraft:porkchop":3,"minecraft:wheat_seeds":117,"minecraft:cobblestone":6,"minecraft:iron_helmet":3,"minecraft:lantern":2,"minecraft:honeycomb":6,"minecraft:iron_horse_armor":1,"minecraft:cracked_stone_bricks":8,"minecraft:spruce_stairs":3,"minecraft:stick":2,"minecraft:cod":2,"minecraft:cobblestone_stairs":1,"minecraft:cobweb":2,"minecraft:gold_block":2,"minecraft:dirt":3,"minecraft:dark_oak_fence":2,"minecraft:cornflower":1,"minecraft:wooden_axe":1,"minecraft:map":2,"minecraft:pumpkin_pie":15,"minecraft:string":20,"minecraft:dandelion":2,"minecraft:stone_brick_slab":5,"minecraft:redstone":2,"minecraft:gravel":4,"minecraft:furnace":2,"minecraft:compass":1,"minecraft:sweet_berries":2,"minecraft:player_head":2,"minecraft:coarse_dirt":6,"minecraft:smooth_stone_slab":4,"minecraft:structure_block":2,"minecraft:filled_map":2,"minecraft:gunpowder":2,"minecraft:andesite":10,"minecraft:mossy_stone_bricks":2,"minecraft:leather_boots":1,"minecraft:stone_bricks":17,"minecraft:stone_pickaxe":1,"minecraft:beef":14,"minecraft:wooden_pickaxe":2,"minecraft:written_book":2,"minecraft:polished_granite":2}},"DataVersion":3578}