{"stats":{"minecraft:picked_up":{"minecraft:crafting_table":10,"minecraft:wheat":48,"minecraft:chicken":2,"minecraft:andesite":3,"minecraft:leather":10,"minecraft:lead":3,"minecraft:acacia_wood":1,"minecraft:blue_bed":1,"minecraft:cornflower":1,"minecraft:dirt":2,"minecraft:bone":2,"minecraft:wheat_seeds":204,"minecraft:beef":14,"minecraft:bamboo":4,"minecraft:egg":3,"minecraft:furnace":4,"minecraft:book":66,"minecraft:raw_iron":21,"minecraft:dandelion":2,"minecraft:gravel":1,"minecraft:porkchop":3,"minecraft:spruce_log":18,"minecraft:arrow":2,"minecraft:diamond":4,"minecraft:hay_block":16,"minecraft:mangrove_roots":2,"minecraft:emerald":3,"minecraft:cobblestone":35,"minecraft:coal":37},"minecraft:mined":{"minecraft:diamond_ore":4,"minecraft:mossy_cobblestone":1,"minecraft:mangrove_roots":2,"minecraft:dandelion":1,"minecraft:cornflower":1,"minecraft:crafting_table":10,"minecraft:chiseled_bookshelf":2,"minecraft:emerald_ore":1,"minecraft:grass_block":1,"minecraft:cobblestone":5,"minecraft:spruce_leaves":17,"minecraft:blue_bed":1,"minecraft:large_fern":1,"minecraft:hay_block":17,"minecraft:furnace":2,"minecraft:acacia_wood":1,"minecraft:wheat":48,"minecraft:iron_ore":21,"minecraft:spruce_log":18,"minecraft:andesite":3,"minecraft:grass":10,"minecraft:bookshelf":22,"minecraft:coal_ore":37,"minecraft:gravel":1,"minecraft:bamboo":1,"minecraft:stone":37,"minecraft:oak_leaves":2,"minecraft:suspicious_gravel":1},"minecraft:crafted":{"minecraft:crafting_table":1,"minecraft:spruce_planks":72,"minecraft:wooden_pickaxe":1,"minecraft:cooked_chicken":2,"minecraft:furnace":2,"minecraft:bread":70,"minecraft:air":0,"minecraft:bow":1,"minecraft:shield":1,"minecraft:iron_axe":1,"minecraft:stick":8,"minecraft:iron_ingot":17,"minecraft:iron_pickaxe":1,"minecraft:stone_pickaxe":1,"minecraft:spruce_boat":3,"minecraft:wheat":144},"minecraft:killed":{"minecraft:pig":3,"minecraft:creeper":1,"minecraft:skeleton":1,"minecraft:pillager":2,"minecraft:zombie":1,"minecraft:chicken":2,"minecraft:cow":6},"minecraft:used":{"minecraft:stone_pickaxe":47,"minecraft:wooden_pickaxe":4,"minecraft:shield":3,"minecraft:cooked_chicken":2,"minecraft:crafting_table":10,"minecraft:spruce_boat":3,"minecraft:iron_axe":77,"minecraft:bread":22,"minecraft:iron_pickaxe":76,"minecraft:map":2,"minecraft:cobblestone":7,"minecraft:mangrove_roots":2,"minecraft:furnace":2,"minecraft:cooked_cod":1,"minecraft:pumpkin_pie":2,"minecraft:acacia_wood":1,"minecraft:experience_bottle":3},"minecraft:custom":{"minecraft:interact_with_furnace":13,"minecraft:mob_kills":16,"minecraft:interact_with_crafting_table":14,"minecraft:open_barrel":10,"minecraft:time_since_death":66325,"minecraft:sleep_in_bed":1,"minecraft:climb_one_cm":5927,"minecraft:time_since_rest":55611,"minecraft:sprint_one_cm":223373,"minecraft:damage_taken":565,"minecraft:walk_one_cm":97211,"minecraft:damage_blocked_by_shield":180,"minecraft:drop":25,"minecraft:damage_dealt":2060,"minecraft:talked_to_villager":3,"minecraft:swim_one_cm":39693,"minecraft:fly_one_cm":397342,"minecraft:open_chest":44,"minecraft:crouch_one_cm":5000,"minecraft:play_time":66325,"minecraft:sneak_time":2381,"minecraft:walk_under_water_one_cm":2650,"minecraft:boat_one_cm":357705,"minecraft:jump":1746,"minecraft:walk_on_water_one_cm":7424,"minecraft:total_world_time":66325,"minecraft:horse_one_cm":193387,"minecraft:fall_one_cm":54005},"minecraft:dropped":{"minecraft:furnace":2,"minecraft:compass":1,"minecraft:porkchop":3,"minecraft:wheat_seeds":117,"minecraft:filled_map":1,"minecraft:cobweb":2,"minecraft:dirt":2,"minecraft:cornflower":1,"minecraft:andesite":3,"minecraft:map":2,"minecraft:beef":14,"minecraft:stone_pickaxe":1,"minecraft:wooden_pickaxe":1,"minecraft:string":11,"minecraft:written_book":2,"minecraft:dandelion":2,"minecraft:redstone":2}},"DataVersion":3578}