{"stats":{"minecraft:picked_up":{"minecraft:wooden_axe":2,"minecraft:crafting_table":10,"minecraft:iron_chestplate":2,"minecraft:coarse_dirt":6,"minecraft:wheat":48,"minecraft:chicken":2,"minecraft:lead":4,"minecraft:wooden_pickaxe":2,"minecraft:wither_rose":16,"minecraft:gold_block":7,"minecraft:shield":2,"minecraft:cornflower":1,"minecraft:string":11,"minecraft:iron_axe":2,"minecraft:smooth_stone_slab":4,"minecraft:iron_leggings":2,"minecraft:experience_bottle":92,"minecraft:cracked_stone_bricks":3,"minecraft:spruce_planks":1,"minecraft:beef":14,"minecraft:player_head":3,"minecraft:furnace":4,"minecraft:iron_boots":2,"minecraft:egg":3,"minecraft:tipped_arrow":6,"minecraft:raw_iron":23,"minecraft:torch":25,"minecraft:spruce_stairs":1,"minecraft:porkchop":3,"minecraft:iron_horse_armor":1,"minecraft:arrow":10,"minecraft:honey_bottle":3,"minecraft:hay_block":16,"minecraft:mangrove_roots":2,"minecraft:cobblestone":43,"minecraft:andesite":12,"minecraft:leather":10,"minecraft:acacia_wood":1,"minecraft:gunpowder":4,"minecraft:cobblestone_stairs":1,"minecraft:dirt":10,"minecraft:blue_bed":1,"minecraft:lantern":2,"minecraft:polished_granite":2,"minecraft:leather_boots":1,"minecraft:bone":30,"minecraft:stone_bricks":17,"minecraft:wheat_seeds":204,"minecraft:mossy_stone_bricks":4,"minecraft:bamboo":4,"minecraft:honeycomb":3,"minecraft:iron_sword":2,"minecraft:book":66,"minecraft:scaffolding":40,"minecraft:sweet_berries":6,"minecraft:chiseled_stone_bricks":1,"minecraft:stone_brick_slab":12,"minecraft:dandelion":2,"minecraft:gravel":8,"minecraft:spruce_log":20,"minecraft:diamond":4,"minecraft:iron_helmet":4,"minecraft:emerald":7,"minecraft:golden_apple":8,"minecraft:bread":125,"minecraft:dark_oak_fence":2,"minecraft:coal":49,"minecraft:ender_pearl":12,"minecraft:diamond_pickaxe":2},"minecraft:killed_by":{"minecraft:creeper":1,"minecraft:vindicator":1},"minecraft:mined":{"minecraft:diamond_ore":4,"minecraft:spruce_planks":1,"minecraft:mossy_cobblestone":1,"minecraft:mangrove_roots":2,"minecraft:dark_oak_fence":2,"minecraft:chiseled_bookshelf":2,"minecraft:grass_block":8,"minecraft:spruce_leaves":17,"minecraft:large_fern":1,"minecraft:hay_block":17,"minecraft:furnace":2,"minecraft:iron_ore":22,"minecraft:acacia_wood":1,"minecraft:andesite":3,"minecraft:gold_block":1,"minecraft:bookshelf":22,"minecraft:vine":1,"minecraft:bamboo":1,"minecraft:stone":38,"minecraft:scaffolding":34,"minecraft:stone_brick_slab":5,"minecraft:dandelion":1,"minecraft:polished_granite":4,"minecraft:crafting_table":10,"minecraft:cornflower":1,"minecraft:torch":1,"minecraft:emerald_ore":1,"minecraft:cobblestone":8,"minecraft:blue_bed":1,"minecraft:spruce_stairs":1,"minecraft:wheat":48,"minecraft:sweet_berry_bush":3,"minecraft:spruce_log":20,"minecraft:grass":11,"minecraft:coal_ore":50,"minecraft:dirt":1,"minecraft:gravel":3,"minecraft:cobweb":5,"minecraft:cracked_stone_bricks":4,"minecraft:polished_andesite":2,"minecraft:stone_bricks":16,"minecraft:mossy_stone_bricks":3,"minecraft:oak_leaves":2,"minecraft:suspicious_gravel":1},"minecraft:crafted":{"minecraft:cooked_chicken":2,"minecraft:furnace":2,"minecraft:bow":1,"minecraft:iron_axe":1,"minecraft:stone_pickaxe":1,"minecraft:spruce_boat":4,"minecraft:dark_oak_planks":4,"minecraft:wheat":144,"minecraft:crafting_table":3,"minecraft:spruce_planks":80,"minecraft:wooden_pickaxe":1,"minecraft:bread":70,"minecraft:air":0,"minecraft:shield":1,"minecraft:stick":16,"minecraft:iron_ingot":17,"minecraft:iron_pickaxe":1,"minecraft:torch":16},"minecraft:killed":{"minecraft:skeleton":3,"minecraft:chicken":2,"minecraft:pig":3,"minecraft:creeper":1,"minecraft:pillager":8,"minecraft:zombie":1,"minecraft:cow":6},"minecraft:used":{"minecraft:shield":3,"minecraft:iron_sword":35,"minecraft:cooked_chicken":2,"minecraft:torch":24,"minecraft:dirt":7,"minecraft:spruce_boat":4,"minecraft:stone_brick_slab":3,"minecraft:iron_axe":122,"minecraft:mangrove_roots":2,"minecraft:furnace":4,"minecraft:cooked_cod":1,"minecraft:acacia_wood":1,"minecraft:mossy_stone_bricks":2,"minecraft:stone_pickaxe":47,"minecraft:wooden_pickaxe":4,"minecraft:cracked_stone_bricks":2,"minecraft:crafting_table":11,"minecraft:diamond_pickaxe":48,"minecraft:bread":37,"minecraft:map":2,"minecraft:iron_pickaxe":88,"minecraft:gravel":3,"minecraft:chiseled_stone_bricks":1,"minecraft:cobblestone":15,"minecraft:andesite":2,"minecraft:pumpkin_pie":7,"minecraft:experience_bottle":3},"minecraft:custom":{"minecraft:interact_with_smithing_table":1,"minecraft:mob_kills":24,"minecraft:interact_with_crafting_table":15,"minecraft:open_barrel":26,"minecraft:time_since_death":11278,"minecraft:climb_one_cm":7873,"minecraft:sprint_one_cm":316663,"minecraft:walk_one_cm":176115,"minecraft:damage_blocked_by_shield":180,"minecraft:drop":59,"minecraft:talked_to_villager":3,"minecraft:play_time":102325,"minecraft:deaths":2,"minecraft:sneak_time":3282,"minecraft:walk_under_water_one_cm":7672,"minecraft:boat_one_cm":382614,"minecraft:jump":2500,"minecraft:interact_with_blast_furnace":1,"minecraft:walk_on_water_one_cm":42216,"minecraft:total_world_time":102325,"minecraft:interact_with_furnace":13,"minecraft:sleep_in_bed":1,"minecraft:time_since_rest":11316,"minecraft:damage_taken":1982,"minecraft:damage_dealt":3851,"minecraft:swim_one_cm":46284,"minecraft:fly_one_cm":506839,"minecraft:open_chest":82,"minecraft:crouch_one_cm":7955,"minecraft:fall_one_cm":72303,"minecraft:horse_one_cm":312596},"minecraft:dropped":{"minecraft:porkchop":3,"minecraft:wheat_seeds":117,"minecraft:cobblestone":6,"minecraft:iron_helmet":3,"minecraft:lantern":2,"minecraft:cracked_stone_bricks":1,"minecraft:spruce_stairs":1,"minecraft:cobblestone_stairs":1,"minecraft:cobweb":2,"minecraft:gold_block":2,"minecraft:dirt":3,"minecraft:dark_oak_fence":2,"minecraft:cornflower":1,"minecraft:wooden_axe":1,"minecraft:map":2,"minecraft:string":17,"minecraft:dandelion":2,"minecraft:stone_brick_slab":5,"minecraft:redstone":2,"minecraft:gravel":4,"minecraft:furnace":2,"minecraft:compass":1,"minecraft:player_head":2,"minecraft:coarse_dirt":6,"minecraft:smooth_stone_slab":4,"minecraft:filled_map":1,"minecraft:gunpowder":2,"minecraft:andesite":10,"minecraft:mossy_stone_bricks":2,"minecraft:leather_boots":1,"minecraft:stone_bricks":17,"minecraft:stone_pickaxe":1,"minecraft:beef":14,"minecraft:wooden_pickaxe":2,"minecraft:written_book":2,"minecraft:polished_granite":2}},"DataVersion":3578}