{
  "stellarity:cursed_tome/root": {
    "criteria": {
      "requirement": "2024-06-21 21:37:24 +0000"
    },
    "done": true
  },
  "minecraft:recipes/decorations/crafting_table": {
    "criteria": {
      "unlock_right_away": "2024-06-21 21:37:24 +0000"
    },
    "done": true
  },
  "stellarity:dragons_den/cursed_tome/root": {
    "criteria": {
      "requirement": "2024-06-21 21:37:24 +0000"
    },
    "done": true
  },
  "mt:load": {
    "criteria": {
      "requirement": "2024-06-21 21:37:24 +0000"
    },
    "done": true
  },
  "DataVersion": 3465
}