{
  "stellarity:cursed_tome/root": {
    "criteria": {
      "requirement": "2024-06-21 18:19:55 -0300"
    },
    "done": true
  },
  "minecraft:recipes/decorations/crafting_table": {
    "criteria": {
      "unlock_right_away": "2024-06-21 18:19:55 -0300"
    },
    "done": true
  },
  "stellarity:dragons_den/cursed_tome/root": {
    "criteria": {
      "requirement": "2024-06-21 18:19:55 -0300"
    },
    "done": true
  },
  "mt:load": {
    "criteria": {
      "requirement": "2024-06-21 18:19:55 -0300"
    },
    "done": true
  },
  "dnl:story/general/new_start": {
    "criteria": {
      "new start": "2024-06-21 18:20:20 -0300"
    },
    "done": true
  },
  "DataVersion": 3465
}