{
  "gen:new_player": {
    "criteria": {
      "requirement": "2024-06-26 19:10:21 -0300"
    },
    "done": true
  },
  "gen:story/root": {
    "criteria": {
      "requirement": "2024-06-26 19:10:21 -0300"
    },
    "done": true
  },
  "minecraft:recipes/decorations/crafting_table": {
    "criteria": {
      "unlock_right_away": "2024-06-26 19:10:21 -0300"
    },
    "done": true
  },
  "pk_waystones:events/once/prepare": {
    "criteria": {
      "requirement": "2024-06-26 19:10:21 -0300"
    },
    "done": true
  },
  "mt:load": {
    "criteria": {
      "requirement": "2024-06-26 19:10:21 -0300"
    },
    "done": true
  },
  "grave_ketket:graves_adv": {
    "criteria": {
      "requirement": "2024-06-26 19:10:22 -0300"
    },
    "done": true
  },
  "ketkets:main": {
    "criteria": {
      "requirement": "2024-06-26 19:10:22 -0300"
    },
    "done": true
  },
  "minecraft:adventure/adventuring_time": {
    "criteria": {
      "minecraft:meadow": "2024-06-26 19:10:22 -0300",
      "minecraft:plains": "2024-06-26 19:11:25 -0300"
    },
    "done": false
  },
  "dnl:story/general/new_start": {
    "criteria": {
      "new start": "2024-06-26 19:11:37 -0300"
    },
    "done": true
  },
  "DataVersion": 3578
}