{
  "stellarity:cursed_tome/root": {
    "criteria": {
      "requirement": "2024-06-20 17:46:50 -0300"
    },
    "done": true
  },
  "minecraft:recipes/decorations/crafting_table": {
    "criteria": {
      "unlock_right_away": "2024-06-20 17:46:50 -0300"
    },
    "done": true
  },
  "stellarity:dragons_den/cursed_tome/root": {
    "criteria": {
      "requirement": "2024-06-20 17:46:50 -0300"
    },
    "done": true
  },
  "mt:load": {
    "criteria": {
      "requirement": "2024-06-20 17:46:50 -0300"
    },
    "done": true
  },
  "minecraft:adventure/adventuring_time": {
    "criteria": {
      "minecraft:old_growth_pine_taiga": "2024-06-20 17:46:55 -0300",
      "minecraft:river": "2024-06-20 17:51:11 -0300",
      "minecraft:savanna": "2024-06-20 17:51:39 -0300"
    },
    "done": false
  },
  "dnl:story/general/new_start": {
    "criteria": {
      "new start": "2024-06-20 17:49:51 -0300"
    },
    "done": true
  },
  "nova_structures:root": {
    "criteria": {
      "nova_structures:adventure/find_tavern": "2024-06-20 17:52:47 -0300"
    },
    "done": true
  },
  "nova_structures:adventure/find_tavern": {
    "criteria": {
      "nova_structures:tavern_acacia": "2024-06-20 17:52:47 -0300"
    },
    "done": true
  },
  "DataVersion": 3465
}