{
  "gen:new_player": {
    "criteria": {
      "requirement": "2024-06-25 21:06:06 +0000"
    },
    "done": true
  },
  "gen:story/root": {
    "criteria": {
      "requirement": "2024-06-25 21:06:06 +0000"
    },
    "done": true
  },
  "minecraft:recipes/decorations/crafting_table": {
    "criteria": {
      "unlock_right_away": "2024-06-25 21:06:06 +0000"
    },
    "done": true
  },
  "mt:load": {
    "criteria": {
      "requirement": "2024-06-25 21:06:06 +0000"
    },
    "done": true
  },
  "minecraft:adventure/adventuring_time": {
    "criteria": {
      "minecraft:old_growth_birch_forest": "2024-06-25 21:14:05 +0000",
      "minecraft:beach": "2024-06-25 21:14:08 +0000",
      "minecraft:dark_forest": "2024-06-25 21:14:16 +0000",
      "minecraft:river": "2024-06-25 21:08:04 +0000"
    },
    "done": false
  },
  "dnl:story/general/new_start": {
    "criteria": {
      "new start": "2024-06-25 21:08:47 +0000"
    },
    "done": true
  },
  "DataVersion": 3578
}