{
  "mt:entity_hit_system/did_hit": {
    "criteria": {
      "requirement": "2024-06-26 22:16:01 +0000"
    },
    "done": true
  },
  "gen:new_player": {
    "criteria": {
      "requirement": "2024-06-26 22:15:41 +0000"
    },
    "done": true
  },
  "gen:story/root": {
    "criteria": {
      "requirement": "2024-06-26 22:15:41 +0000"
    },
    "done": true
  },
  "dnl:util/entity_hit_matching/on_hit": {
    "criteria": {
      "is_projectile": "2024-06-26 22:16:01 +0000",
      "not_magic": "2024-06-26 22:16:01 +0000",
      "not_projectile": "2024-06-26 22:16:01 +0000"
    },
    "done": false
  },
  "minecraft:recipes/decorations/crafting_table": {
    "criteria": {
      "unlock_right_away": "2024-06-26 22:15:41 +0000"
    },
    "done": true
  },
  "pk_waystones:events/once/prepare": {
    "criteria": {
      "requirement": "2024-06-26 22:15:41 +0000"
    },
    "done": true
  },
  "minecraft:recipes/decorations/spruce_hanging_sign": {
    "criteria": {
      "has_stripped_logs": "2024-06-26 22:19:10 +0000"
    },
    "done": true
  },
  "grave_ketket:graves_adv": {
    "criteria": {
      "requirement": "2024-06-26 22:15:42 +0000"
    },
    "done": true
  },
  "dnl:util/entity_hit_matching/on_hurt": {
    "criteria": {
      "is_projectile": "2024-06-26 22:18:03 +0000",
      "blocked_false": "2024-06-26 22:18:03 +0000",
      "not_projectile": "2024-06-26 22:18:03 +0000"
    },
    "done": false
  },
  "minecraft:recipes/building_blocks/stripped_spruce_wood": {
    "criteria": {
      "has_log": "2024-06-26 22:19:10 +0000"
    },
    "done": true
  },
  "minecraft:recipes/building_blocks/spruce_planks": {
    "criteria": {
      "has_logs": "2024-06-26 22:19:10 +0000"
    },
    "done": true
  },
  "minecraft:recipes/misc/charcoal": {
    "criteria": {
      "has_log": "2024-06-26 22:19:10 +0000"
    },
    "done": true
  },
  "ketkets:main": {
    "criteria": {
      "requirement": "2024-06-26 22:15:42 +0000"
    },
    "done": true
  },
  "gen:gear/bth/hurt": {
    "criteria": {
      "hurt": "2024-06-26 22:18:03 +0000"
    },
    "done": true
  },
  "mt:load": {
    "criteria": {
      "requirement": "2024-06-26 22:15:41 +0000"
    },
    "done": true
  },
  "mt:entity_hit_system/got_hit": {
    "criteria": {
      "requirement": "2024-06-26 22:18:03 +0000"
    },
    "done": true
  },
  "minecraft:adventure/adventuring_time": {
    "criteria": {
      "minecraft:flower_forest": "2024-06-26 22:17:10 +0000",
      "minecraft:river": "2024-06-26 22:16:35 +0000",
      "minecraft:meadow": "2024-06-26 22:15:42 +0000",
      "minecraft:plains": "2024-06-26 22:16:15 +0000"
    },
    "done": false
  },
  "dnl:entity/guardian_ghast/hurt": {
    "criteria": {
      "not_projectile": "2024-06-26 22:16:01 +0000"
    },
    "done": false
  },
  "DataVersion": 3578
}